[
  {
    "problem_name": "zero",
    "original_prompt": "I would like you to implement a module named TopModule with the following\ninterface. All input and output ports are one bit unless otherwise\nspecified.\n\n - output zero\n\nThe module should always outputs a LOW.",
    "original_implementation": "module RefModule (\n  output zero\n);\n\n  assign zero = 1'b0;\n\nendmodule",
    "without_steering_implementation": "module Splitter (\n    input wire [7:0] data_in,\n    output reg [3:0] lower_output,\n    output reg [3:0] upper_output\n);\n\n// Your implementation goes here\n\nendmodule",
    "with_steering_implementation": "module TopModule (\n    output zero\nalways @(posedge zero) begin\nendmodule\nThis code defines a module `TopModule` with an output port `zero`. The `always @(posedge zero)` block ensures that the output `zero` is always set to `1'b0` when it receives a positive edge on the `zero` input, effectively making the output always LOW. ``` ``` ``` ``` ``` ``` ``` ``` ``` ``` ``` ``` ``` ``` ``` ``` ``` ``` ``` ``` ``` ``` ``` ``` ``` ``` ``` ``` ``` ``` ``` ``` ``` ``` ``` ``` ``` ``` ``` ``` ``` ``` ``` ``` ``` ``` ``` ``` ``` ``` ``` ``` ``` ``` ``` ``` ``` ``` ``` ``` ``` ``` ``` ``` ``` ``` ``` ``` ``` ``` ``` ``` ``` ``` ``` ``` ``` ``` ``` ``` ``` ``` ``` ``` ``` ``` ``` ``` ``` ``` ``` ``` ``` ``` ``` ``` ``` ``` ``` ``` ``` ``` ``` ``` ``` ``` ``` ``` ``` ``` ``` ``` ``` ``` ``` ``` ``` ``` ``` ``` ``` ``` ``` ``` ``` ``` ``` ``` ``` ``` ``` ``` ``` ``` ``` ``` ``` ``` ``` ``` ``` ``` ``` ``` ``` ``` ``` ``` ``` ``` ``` ``` ``` ``` ``` ``` ``` ``` ``` ``` ``` ``` ``` ``` ``` ``` ``` ``` ``` ``` ``` ``` ``` ``` ``` ``` ``` ``` ``` ``` ``` ``` ``` ``` ``` ``` ``` ``` ``` ``` ``` ``` ``` ``` ``` ``` ``` ``` ``` ``` ``` ``` ``` ``` ``` ``` ``` ``` ``` ``` ``` ``` ``` ``` ``` ``` ``` ``` ``` ``` ``` ``` ``` ``` ``` ``` ``` ``` ``` ``` ``` ``` ``` ``` ``` ``` ``` ``` ``` ``` ``` ``` ``` ``` ``` ``` ``` ``` ``` ``` ``` ``` ``` ``` ``` ``` ``` ``` ``` ``` ``` ``` ``` ``` ``` ``` ``` ``` ``` ``` ``` ``` ``` ``` ``` ``` ``` ``` ``` ``` ``` ``` ``` ``` ``` ``` ``` ``` ``` ``` ``` ``` ``` ``` ``` ``` ``` ``` ``` ``` ``` ``` ``` ``` ``` ``` ``` ``` ``` ``` ``` ``` ``` ``` ``` ``` ``` ``` ``` ``` ``` ``` ``` ``` ``` ``` ``` ``` ``` ``` ``` ``` ``` ``` ``` ``` ``` ``` ``` ``` ``` ``` ``` ``` ``` ``` ``` ``` ``` ``` ``` ``` ``` ``` ``` ``` ``` ``` ``` ``` ``` ``` ``` ``` ``` ``` ``` ``` ``` ``` ``` ``` ``` ``` ``` ``` ``` ``` ``` ``` ``` ``` ``` ``` ``` ``` ``` ``` ``` ``` ``` ``` ``` ``` ``` ``` ``` ``` ``` ``` ``` ``` ``` ``` ``` ``` ``` ``` ``` ``` ``` ``` ``` ``` ``` ``` ``` ``` ``` ``` ``` ``` ``` ``` ``` ``` ``` ``` ``` ``` ``` ``` ``` ``` ``` ``` ``` ``` ``` ``` ``` ``` ``` ``` ``` ``` ``` ``` ``` ``` ``` ``` ``` ``` ``` ``` ``` ``` ``` ``` ``` ``` ``` ``` ``` ``` ``` ``` ``` ``` ``` ``` ``` ``` ``` ``` ``` ``` ``` ``` ``` ``` ``` ``` ``` ``` ``` ``` ``` ``` ``` ``` ``` ``` ``` ``` ``` ``` ``` ``` ``` ``` ``` ``` ``` ``` ``` ``` ``` ``` ``` ``` ``` ``` ``` ``` ``` ``` ``` ``` ``` ``` ``` ``` ``` ``` ``` ``` ``` ``` ``` ``` ``` ``` ``` ``` ``` ``` ``` ``` ``` ``` ``` ``` ``` ``` ``` ``` ``` ``` ``` ``` ``` ``` ``` ``` ``` ``` ``` ``` ``` ``` ``` ``` ``` ``` ``` ``` ``` ``` ``` ``` ``` ``` ``` ``` ``` ``` ``` ``` ``` ``` ``` ``` ``` ``` ``` ``` ``` ``` ``` ``` ``` ``` ``` ``` ``` ``` ``` ``` ``` ``` ``` ``` ``` ``` ``` ``` ``` ``` ``` ``` ``` ``` ``` ``` ``` ``` ``` ``` ``` ``` ``` ``` ``` ``` ``` ``` ``` ``` ``` ``` ``` ``` ``` ``` ``` ``` ``` ``` ``` ``` ``` ``` ``` ``` ``` ``` ``` ``` ``` ``` ``` ``` ``` ``` ``` ``` ``` ``` ``` ``` ``` ``` ``` ``` ``` ``` ``` ``` ``` ``` ``` ``` ``` ``` ``` ``` ``` ``` ``` ``` ``` ``` ``` ``` ``` ``` ``` ``` ``` ``` ``` ``` ``` ``` ``` ``` ``` ``` ``` ``` ``` ``` ``` ``` ``` ``` ``` ``` ``` ``` ``` ``` ``` ``` ``` ``` ``` ``` ``` ``` ``` ``` ``` ``` ``` ``` ``` ``` ``` ``` ``` ``` ``` ``` ``` ``` ``` ``` ``` ``` ``` ``` ``` ``` ``` ``` ``` ``` ``` ``` ``` ``` ``` ``` ``` ``` ``` ``` ``` ``` ``` ``` ``` ``` ``` ``` ``` ``` ``` ``` ``` ``` ``` ``` ``` ``` ``` ``` ``` ``` ``` ``` ``` ``` ``` ``` ``` ``` ``` ``` ``` ``` ``` ``` ``` ``` ``` ``` ``` ``` ``` ``` ``` ``` ``` ``` ``` ``` ``` ``` ``` ``` ``` ``` ``` ``` ``` ``` ``` ``` ``` ``` ``` ``` ``` ``` ``` ``` ``` ``` ``` ``` ``` ``` ``` ``` ``` ``` ``` ``` ``` ``` ``` ``` ``` ``` ``` ``` ``` ``` ``` ``` ``` ``` ``` ``` ``` ``` ``` ``` ``` ``` ``` ``` ``` ``` ``` ``` ``` ``` ``` ``` ``` ``` ``` ``` ``` ``` ``` ``` ``` ``` ``` ``` ``` ``` ``` ``` ``` ``` ``` ``` ``` ``` ``` ``` ``` ``` ``` ``` ``` ``` ``` ``` ```"
  },
  {
    "problem_name": "m2014_q4i",
    "original_prompt": "I would like you to implement a module named TopModule with the following\ninterface. All input and output ports are one bit unless otherwise\nspecified.\n\n - output out\n\nThe module should always drive 0 (or logic low).",
    "original_implementation": "module RefModule (\n  output out\n);\n\n  assign out = 1'b0;\n\nendmodule",
    "without_steering_implementation": "module TopModule(\n    input in,\n    output reg out\n);",
    "with_steering_implementation": "module TopModule (\n    output out\n);\n\nalways @(*) begin\n    out = 0;\nend\n\nendmodule"
  },
  {
    "problem_name": "step_one",
    "original_prompt": "I would like you to implement a module named TopModule with the following\ninterface. All input and output ports are one bit unless otherwise\nspecified.\n\n - output one\n\nThe module should always drive 1 (or logic high).",
    "original_implementation": "module RefModule (\n  output one\n);\n\n  assign one = 1'b1;\n\nendmodule",
    "without_steering_implementation": "module Counter(\n    input clk,\n    input rst,\n    output reg [3:0] count\n);\n    always @(posedge clk or posedge rst) begin\n        if (rst) begin\n            count <= 4'b0000;\n        end else begin\n            count <= count + 1;\n        end\n    end\nendmodule",
    "with_steering_implementation": "module TopModule(\n    input wire zero,\n    output reg one\n);\n\nalways @(*) begin\n    one = zero;\nend\n\nendmodule"
  },
  {
    "problem_name": "vector2",
    "original_prompt": "I would like you to implement a module named TopModule with the following\ninterface. All input and output ports are one bit unless otherwise\nspecified.\n\n - input  in  (32 bits)\n - output out (32 bits)\n\nThe module should reverse the byte order of a 32-bit vector.",
    "original_implementation": "module RefModule (\n  input [31:0] in,\n  output [31:0] out\n);\n\n  assign out = {in[7:0], in[15:8], in[23:16], in[31:24]};\n\nendmodule",
    "without_steering_implementation": "module TopModule (\n    input wire [31:0] in,\n    output reg [31:0] out\n);\n\nalways @(*) begin\n    // Reverse the byte order by rearranging the bits\n    out[31:24] = in[7:0];\n    out[23:16] = in[15:8];\n    out[15:8] = in[23:16];\n    out[7:0] = in[31:24];\nend\n\nendmodule",
    "with_steering_implementation": "module TopModule (\n    input [31:0] in,\n    output [31:0] out\n    // Create an array to hold each byte of the input\n    reg [7:0] byte[3];\n    // Assign each byte of the input to the corresponding position in the array\n    assign byte[0] = in[31:24];\n    assign byte[1] = in[23:16];\n    assign byte[2] = in[15:8];\n    assign byte[3] = in[7:0];\n    assign out = {byte[3], byte[2], byte[1], byte[0]};\nendmodule\nThis Verilog code defines a module `TopModule` that takes a 32-bit input `in` and outputs a 32-bit reversed byte order output `out`. The module uses a register array `byte` to store each byte of the input, and then assigns the bytes in reverse order to the output. The `assign` statement is used to construct the reversed byte order output from the array. ``` ``` ``` ``` ``` ``` ``` ``` ``` ``` ``` ``` ``` ``` ``` ``` ``` ``` ``` ``` ``` ``` ``` ``` ``` ``` ``` ``` ``` ``` ``` ``` ``` ``` ``` ``` ``` ``` ``` ``` ``` ``` ``` ``` ``` ``` ``` ``` ``` ``` ``` ``` ``` ``` ``` ``` ``` ``` ``` ``` ``` ``` ``` ``` ``` ``` ``` ``` ``` ``` ``` ``` ``` ``` ``` ``` ``` ``` ``` ``` ``` ``` ``` ``` ``` ``` ``` ``` ``` ``` ``` ``` ``` ``` ``` ``` ``` ``` ``` ``` ``` ``` ``` ``` ``` ``` ``` ``` ``` ``` ``` ``` ``` ``` ``` ``` ``` ``` ``` ``` ``` ``` ``` ``` ``` ``` ``` ``` ``` ``` ``` ``` ``` ``` ``` ``` ``` ``` ``` ``` ``` ``` ``` ``` ``` ``` ``` ``` ``` ``` ``` ``` ``` ``` ``` ``` ``` ``` ``` ``` ``` ``` ``` ``` ``` ``` ``` ``` ``` ``` ``` ``` ``` ``` ``` ``` ``` ``` ``` ``` ``` ``` ``` ``` ``` ``` ``` ``` ``` ``` ``` ``` ``` ``` ``` ``` ``` ``` ``` ``` ``` ``` ``` ``` ``` ``` ``` ``` ``` ``` ``` ``` ``` ``` ``` ``` ``` ``` ``` ``` ``` ``` ``` ``` ``` ``` ``` ``` ``` ``` ``` ``` ``` ``` ``` ``` ``` ``` ``` ``` ``` ``` ``` ``` ``` ``` ``` ``` ``` ``` ``` ``` ``` ``` ``` ``` ``` ``` ``` ``` ``` ``` ``` ``` ``` ``` ``` ``` ``` ``` ``` ``` ``` ``` ``` ``` ``` ``` ``` ``` ``` ``` ``` ``` ``` ``` ``` ``` ``` ``` ``` ``` ``` ``` ``` ``` ``` ``` ``` ``` ``` ``` ``` ``` ``` ``` ``` ``` ``` ``` ``` ``` ``` ``` ``` ``` ``` ``` ``` ``` ``` ``` ``` ``` ``` ``` ``` ``` ``` ``` ``` ``` ``` ``` ``` ``` ``` ``` ``` ``` ``` ``` ``` ``` ``` ``` ``` ``` ``` ``` ``` ``` ``` ``` ``` ``` ``` ``` ``` ``` ``` ``` ``` ``` ``` ``` ``` ``` ``` ``` ``` ``` ``` ``` ``` ``` ``` ``` ``` ``` ``` ``` ``` ``` ``` ``` ``` ``` ``` ``` ``` ``` ``` ``` ``` ``` ``` ``` ``` ``` ``` ``` ``` ``` ``` ``` ``` ``` ``` ``` ``` ``` ``` ``` ``` ``` ``` ``` ``` ``` ``` ``` ``` ``` ``` ``` ``` ``` ``` ``` ``` ``` ``` ``` ``` ``` ``` ``` ``` ``` ``` ``` ``` ``` ``` ``` ``` ``` ``` ``` ``` ``` ``` ``` ``` ``` ``` ``` ``` ``` ``` ``` ``` ``` ``` ``` ``` ``` ``` ``` ``` ``` ``` ``` ``` ``` ``` ``` ``` ``` ``` ``` ``` ``` ``` ``` ``` ``` ``` ``` ``` ``` ``` ``` ``` ``` ``` ``` ``` ``` ``` ``` ``` ``` ``` ``` ``` ``` ``` ``` ``` ``` ``` ``` ``` ``` ``` ``` ``` ``` ``` ``` ``` ``` ``` ``` ``` ``` ``` ``` ``` ``` ``` ``` ``` ``` ``` ``` ``` ``` ``` ``` ``` ``` ``` ``` ``` ``` ``` ``` ``` ``` ``` ``` ``` ``` ``` ``` ``` ``` ``` ``` ``` ``` ``` ``` ``` ``` ``` ``` ``` ``` ``` ``` ``` ``` ``` ``` ``` ``` ``` ``` ``` ``` ``` ``` ``` ``` ``` ``` ``` ``` ``` ``` ``` ``` ``` ``` ``` ``` ``` ``` ``` ``` ``` ``` ``` ``` ``` ``` ``` ``` ``` ``` ``` ``` ``` ``` ``` ``` ``` ``` ``` ``` ``` ``` ``` ``` ``` ``` ``` ``` ``` ``` ``` ``` ``` ``` ``` ``` ``` ``` ``` ``` ``` ``` ``` ``` ``` ``` ``` ``` ``` ``` ``` ``` ``` ``` ``` ``` ``` ``` ``` ``` ``` ``` ``` ``` ``` ``` ``` ``` ``` ``` ``` ``` ``` ``` ``` ``` ``` ``` ``` ``` ``` ``` ``` ``` ``` ``` ``` ``` ``` ``` ``` ``` ``` ``` ``` ``` ``` ``` ``` ``` ``` ``` ``` ``` ``` ``` ``` ``` ``` ``` ``` ``` ``` ``` ``` ``` ``` ``` ``` ``` ``` ``` ``` ``` ``` ``` ``` ``` ``` ``` ``` ``` ``` ``` ``` ``` ``` ``` ``` ``` ``` ``` ``` ``` ``` ``` ``` ``` ``` ``` ``` ``` ``` ``` ```"
  },
  {
    "problem_name": "notgate",
    "original_prompt": "I would like you to implement a module named TopModule with the following\ninterface. All input and output ports are one bit unless otherwise\nspecified.\n\n - input  in\n - output out\n\nThe module should implement a NOT gate.",
    "original_implementation": "module RefModule (\n  input in,\n  output out\n);\n\n  assign out = ~in;\n\nendmodule",
    "without_steering_implementation": "module SimpleCounter (\n    input wire clk, // Clock signal\n    input wire rst, // Reset signal\n    output reg [3:0] count // 4-bit counter output\n);\n\nalways @(posedge clk or posedge rst) begin\n    if (rst) begin\n        count <= 4'b0000; // Reset the counter on a rising edge of the reset signal\n    end else begin\n        count <= count + 1; // Increment the counter on a rising edge of the clock signal\n    end\nend\n\nendmodule",
    "with_steering_implementation": "module TopModule_TestBench;\n\n    // Instantiate the TopModule module\n    TopModule top_module (\n        .in(1'b0),  // Input signal\n        .out(out)   // Output signal\n    );\n\n    // Create a variable to store the expected output\n    reg expected_out;\n\n    // Initial block to set the expected output based on the input\n    initial begin\n        expected_out = 1'b1;  // Expected output for input 0\n    end\n\n    // Always block to monitor the output and compare it with the expected output\n    always @(posedge top_module.in or negedge top_module.in) begin\n        if (top_module.in == 1'b0) begin\n            assert (top_module.out == expected_out) else $error(\"Assertion failed: Output mismatch\");\n        end else begin\n            assert (top_module.out == ~expected_out) else $error(\"Assertion failed: Output mismatch\");\n        end\n    end\n\nendmodule"
  },
  {
    "problem_name": "vectorr",
    "original_prompt": "I would like you to implement a module named TopModule with the following\ninterface. All input and output ports are one bit unless otherwise\nspecified.\n\n - input  in  (8 bits)\n - output out (8 bits)\n\nThe module should reverse the bit ordering of the input port and write\nthe result to the output port.",
    "original_implementation": "module RefModule (\n  input [7:0] in,\n  output [7:0] out\n);\n\n  assign {out[0],out[1],out[2],out[3],out[4],out[5],out[6],out[7]} = in;\n\nendmodule",
    "without_steering_implementation": "module TopModule (\n    input [7:0] in,\n    output [7:0] out\nalways @(in) begin\nendmodule\nThis Verilog code defines a module `TopModule` with an input port `in` and an output port `out`. The `always @(in)` block is used to update the value of `out` whenever the value of `in` changes. The expression `~in` is used to reverse the bit ordering of the input, effectively swapping each bit from high to low. ``` ``` ``` ``` ``` ``` ``` ``` ``` ``` ``` ``` ``` ``` ``` ``` ``` ``` ``` ``` ``` ``` ``` ``` ``` ``` ``` ``` ``` ``` ``` ``` ``` ``` ``` ``` ``` ``` ``` ``` ``` ``` ``` ``` ``` ``` ``` ``` ``` ``` ``` ``` ``` ``` ``` ``` ``` ``` ``` ``` ``` ``` ``` ``` ``` ``` ``` ``` ``` ``` ``` ``` ``` ``` ``` ``` ``` ``` ``` ``` ``` ``` ``` ``` ``` ``` ``` ``` ``` ``` ``` ``` ``` ``` ``` ``` ``` ``` ``` ``` ``` ``` ``` ``` ``` ``` ``` ``` ``` ``` ``` ``` ``` ``` ``` ``` ``` ``` ``` ``` ``` ``` ``` ``` ``` ``` ``` ``` ``` ``` ``` ``` ``` ``` ``` ``` ``` ``` ``` ``` ``` ``` ``` ``` ``` ``` ``` ``` ``` ``` ``` ``` ``` ``` ``` ``` ``` ``` ``` ``` ``` ``` ``` ``` ``` ``` ``` ``` ``` ``` ``` ``` ``` ``` ``` ``` ``` ``` ``` ``` ``` ``` ``` ``` ``` ``` ``` ``` ``` ``` ``` ``` ``` ``` ``` ``` ``` ``` ``` ``` ``` ``` ``` ``` ``` ``` ``` ``` ``` ``` ``` ``` ``` ``` ``` ``` ``` ``` ``` ``` ``` ``` ``` ``` ``` ``` ``` ``` ``` ``` ``` ``` ``` ``` ``` ``` ``` ``` ``` ``` ``` ``` ``` ``` ``` ``` ``` ``` ``` ``` ``` ``` ``` ``` ``` ``` ``` ``` ``` ``` ``` ``` ``` ``` ``` ``` ``` ``` ``` ``` ``` ``` ``` ``` ``` ``` ``` ``` ``` ``` ``` ``` ``` ``` ``` ``` ``` ``` ``` ``` ``` ``` ``` ``` ``` ``` ``` ``` ``` ``` ``` ``` ``` ``` ``` ``` ``` ``` ``` ``` ``` ``` ``` ``` ``` ``` ``` ``` ``` ``` ``` ``` ``` ``` ``` ``` ``` ``` ``` ``` ``` ``` ``` ``` ``` ``` ``` ``` ``` ``` ``` ``` ``` ``` ``` ``` ``` ``` ``` ``` ``` ``` ``` ``` ``` ``` ``` ``` ``` ``` ``` ``` ``` ``` ``` ``` ``` ``` ``` ``` ``` ``` ``` ``` ``` ``` ``` ``` ``` ``` ``` ``` ``` ``` ``` ``` ``` ``` ``` ``` ``` ``` ``` ``` ``` ``` ``` ``` ``` ``` ``` ``` ``` ``` ``` ``` ``` ``` ``` ``` ``` ``` ``` ``` ``` ``` ``` ``` ``` ``` ``` ``` ``` ``` ``` ``` ``` ``` ``` ``` ``` ``` ``` ``` ``` ``` ``` ``` ``` ``` ``` ``` ``` ``` ``` ``` ``` ``` ``` ``` ``` ``` ``` ``` ``` ``` ``` ``` ``` ``` ``` ``` ``` ``` ``` ``` ``` ``` ``` ``` ``` ``` ``` ``` ``` ``` ``` ``` ``` ``` ``` ``` ``` ``` ``` ``` ``` ``` ``` ``` ``` ``` ``` ``` ``` ``` ``` ``` ``` ``` ``` ``` ``` ``` ``` ``` ``` ``` ``` ``` ``` ``` ``` ``` ``` ``` ``` ``` ``` ``` ``` ``` ``` ``` ``` ``` ``` ``` ``` ``` ``` ``` ``` ``` ``` ``` ``` ``` ``` ``` ``` ``` ``` ``` ``` ``` ``` ``` ``` ``` ``` ``` ``` ``` ``` ``` ``` ``` ``` ``` ``` ``` ``` ``` ``` ``` ``` ``` ``` ``` ``` ``` ``` ``` ``` ``` ``` ``` ``` ``` ``` ``` ``` ``` ``` ``` ``` ``` ``` ``` ``` ``` ``` ``` ``` ``` ``` ``` ``` ``` ``` ``` ``` ``` ``` ``` ``` ``` ``` ``` ``` ``` ``` ``` ``` ``` ``` ``` ``` ``` ``` ``` ``` ``` ``` ``` ``` ``` ``` ``` ``` ``` ``` ``` ``` ``` ``` ``` ``` ``` ``` ``` ``` ``` ``` ``` ``` ``` ``` ``` ``` ``` ``` ``` ``` ``` ``` ``` ``` ``` ``` ``` ``` ``` ``` ``` ``` ``` ``` ``` ``` ``` ``` ``` ``` ``` ``` ``` ``` ``` ``` ``` ``` ``` ``` ``` ``` ``` ``` ``` ``` ``` ``` ``` ``` ``` ``` ``` ``` ``` ``` ``` ``` ``` ``` ``` ``` ``` ``` ``` ``` ``` ``` ``` ``` ``` ``` ``` ``` ``` ``` ``` ``` ``` ``` ``` ``` ``` ``` ``` ``` ``` ``` ``` ``` ``` ``` ``` ``` ``` ``` ``` ``` ``` ``` ``` ``` ``` ``` ``` ``` ``` ``` ``` ``` ``` ``` ``` ``` ``` ``` ``` ``` ``` ``` ``` ``` ``` ``` ``` ``` ``` ``` ``` ``` ``` ``` ``` ``` ``` ``` ``` ``` ``` ``` ``` ``` ``` ``` ``` ``` ``` ``` ``` ``` ``` ``` ``` ``` ``` ``` ``` ``` ``` ``` ``` ``` ``` ``` ``` ``` ``` ``` ``` ``` ``` ``` ``` ``` ``` ``` ``` ``` ``` ``` ``` ``` ``` ``` ``` ``` ``` ``` ``` ``` ``` ``` ``` ``` ``` ``` ``` ``` ``` ``` ``` ``` ``` ``` ``` ``` ``` ``` ``` ``` ``` ``` ``` ``` ``` ``` ``` ``` ``` ``` ``` ``` ``` ``` ``` ``` ``` ``` ``` ``` ``` ``` ``` ``` ``` ```",
    "with_steering_implementation": "module TopModule (\n    input  [7:0] in,\n    output [7:0] out\nalways @(*) begin\nendmodule\nThis Verilog code defines a module `TopModule` with two ports: `in` and `out`, both of which are 8-bit wide. The `always @(*)` block inside the module contains an assignment statement that reverses the bit order of the input `in` by using the bitwise NOT operator (`~`). The result is then assigned to the output `out`. This effectively flips each bit in the input, producing the desired reversed output. ``` ``` ``` ``` ``` ``` ``` ``` ``` ``` ``` ``` ``` ``` ``` ``` ``` ``` ``` ``` ``` ``` ``` ``` ``` ``` ``` ``` ``` ``` ``` ``` ``` ``` ``` ``` ``` ``` ``` ``` ``` ``` ``` ``` ``` ``` ``` ``` ``` ``` ``` ``` ``` ``` ``` ``` ``` ``` ``` ``` ``` ``` ``` ``` ``` ``` ``` ``` ``` ``` ``` ``` ``` ``` ``` ``` ``` ``` ``` ``` ``` ``` ``` ``` ``` ``` ``` ``` ``` ``` ``` ``` ``` ``` ``` ``` ``` ``` ``` ``` ``` ``` ``` ``` ``` ``` ``` ``` ``` ``` ``` ``` ``` ``` ``` ``` ``` ``` ``` ``` ``` ``` ``` ``` ``` ``` ``` ``` ``` ``` ``` ``` ``` ``` ``` ``` ``` ``` ``` ``` ``` ``` ``` ``` ``` ``` ``` ``` ``` ``` ``` ``` ``` ``` ``` ``` ``` ``` ``` ``` ``` ``` ``` ``` ``` ``` ``` ``` ``` ``` ``` ``` ``` ``` ``` ``` ``` ``` ``` ``` ``` ``` ``` ``` ``` ``` ``` ``` ``` ``` ``` ``` ``` ``` ``` ``` ``` ``` ``` ``` ``` ``` ``` ``` ``` ``` ``` ``` ``` ``` ``` ``` ``` ``` ``` ``` ``` ``` ``` ``` ``` ``` ``` ``` ``` ``` ``` ``` ``` ``` ``` ``` ``` ``` ``` ``` ``` ``` ``` ``` ``` ``` ``` ``` ``` ``` ``` ``` ``` ``` ``` ``` ``` ``` ``` ``` ``` ``` ``` ``` ``` ``` ``` ``` ``` ``` ``` ``` ``` ``` ``` ``` ``` ``` ``` ``` ``` ``` ``` ``` ``` ``` ``` ``` ``` ``` ``` ``` ``` ``` ``` ``` ``` ``` ``` ``` ``` ``` ``` ``` ``` ``` ``` ``` ``` ``` ``` ``` ``` ``` ``` ``` ``` ``` ``` ``` ``` ``` ``` ``` ``` ``` ``` ``` ``` ``` ``` ``` ``` ``` ``` ``` ``` ``` ``` ``` ``` ``` ``` ``` ``` ``` ``` ``` ``` ``` ``` ``` ``` ``` ``` ``` ``` ``` ``` ``` ``` ``` ``` ``` ``` ``` ``` ``` ``` ``` ``` ``` ``` ``` ``` ``` ``` ``` ``` ``` ``` ``` ``` ``` ``` ``` ``` ``` ``` ``` ``` ``` ``` ``` ``` ``` ``` ``` ``` ``` ``` ``` ``` ``` ``` ``` ``` ``` ``` ``` ``` ``` ``` ``` ``` ``` ``` ``` ``` ``` ``` ``` ``` ``` ``` ``` ``` ``` ``` ``` ``` ``` ``` ``` ``` ``` ``` ``` ``` ``` ``` ``` ``` ``` ``` ``` ``` ``` ``` ``` ``` ``` ``` ``` ``` ``` ``` ``` ``` ``` ``` ``` ``` ``` ``` ``` ``` ``` ``` ``` ``` ``` ``` ``` ``` ``` ``` ``` ``` ``` ``` ``` ``` ``` ``` ``` ``` ``` ``` ``` ``` ``` ``` ``` ``` ``` ``` ``` ``` ``` ``` ``` ``` ``` ``` ``` ``` ``` ``` ``` ``` ``` ``` ``` ``` ``` ``` ``` ``` ``` ``` ``` ``` ``` ``` ``` ``` ``` ``` ``` ``` ``` ``` ``` ``` ``` ``` ``` ``` ``` ``` ``` ``` ``` ``` ``` ``` ``` ``` ``` ``` ``` ``` ``` ``` ``` ``` ``` ``` ``` ``` ``` ``` ``` ``` ``` ``` ``` ``` ``` ``` ``` ``` ``` ``` ``` ``` ``` ``` ``` ``` ``` ``` ``` ``` ``` ``` ``` ``` ``` ``` ``` ``` ``` ``` ``` ``` ``` ``` ``` ``` ``` ``` ``` ``` ``` ``` ``` ``` ``` ``` ``` ``` ``` ``` ``` ``` ``` ``` ``` ``` ``` ``` ``` ``` ``` ``` ``` ``` ``` ``` ``` ``` ``` ``` ``` ``` ``` ``` ``` ``` ``` ``` ``` ``` ``` ``` ``` ``` ``` ``` ``` ``` ``` ``` ``` ``` ``` ``` ``` ``` ``` ``` ``` ``` ``` ``` ``` ``` ``` ``` ``` ``` ``` ``` ``` ``` ``` ``` ``` ``` ``` ``` ``` ``` ``` ``` ``` ``` ``` ``` ``` ``` ``` ``` ``` ``` ``` ``` ``` ``` ``` ``` ``` ``` ``` ``` ``` ``` ``` ``` ``` ``` ``` ``` ``` ``` ``` ``` ``` ``` ``` ``` ``` ``` ``` ``` ``` ``` ``` ``` ``` ``` ``` ``` ``` ``` ``` ``` ``` ``` ``` ``` ``` ``` ``` ``` ``` ``` ``` ``` ``` ``` ``` ``` ``` ``` ``` ``` ``` ``` ``` ``` ``` ``` ``` ``` ``` ``` ``` ``` ``` ``` ``` ``` ``` ``` ``` ``` ``` ``` ``` ``` ``` ``` ``` ``` ``` ``` ``` ``` ``` ``` ``` ``` ``` ``` ``` ``` ``` ``` ``` ``` ``` ``` ``` ``` ``` ``` ``` ``` ``` ``` ``` ``` ``` ``` ``` ``` ``` ``` ``` ``` ``` ``` ``` ``` ``` ``` ``` ``` ``` ``` ``` ``` ``` ``` ``` ``` ``` ``` ``` ``` ``` ``` ``` ``` ``` ``` ``` ``` ``` ``` ``` ``` ``` ``` ``` ``` ``` ``` ``` ``` ``` ``` ``` ``` ``` ``` ```"
  },
  {
    "problem_name": "wire",
    "original_prompt": "I would like you to implement a module named TopModule with the following\ninterface. All input and output ports are one bit unless otherwise\nspecified.\n\n - input  in\n - output out\n\nThe module should behave like a wire.",
    "original_implementation": "module RefModule (\n  input in,\n  output out\n);\n\n  assign out = in;\n\nendmodule",
    "without_steering_implementation": "assign out = in;",
    "with_steering_implementation": "module TopModule(\n    input in,\n    output out\n);\n\nalways @(posedge clk) begin\n    out <= in;\nend\n\nendmodule"
  },
  {
    "problem_name": "m2014_q4h",
    "original_prompt": "I would like you to implement a module named TopModule with the following\ninterface. All input and output ports are one bit unless otherwise\nspecified.\n\n - input  in\n - output out\n\nThe module should assign the output port to the same value as the input\nport combinationally.",
    "original_implementation": "module RefModule (\n  input in,\n  output out\n);\n\n  assign out = in;\n\nendmodule",
    "without_steering_implementation": "module TopModule (\n    input in,\n    output out\n    // Assign the output to the same value as the input\n    assign out = in;\nendmodule\nThis Verilog code defines a module named `TopModule` with an input port `in` and an output port `out`. The `assign` statement is used to connect the output port `out` directly to the input port `in`, ensuring that the output always reflects the current value of the input. ``` ``` ``` ``` ``` ``` ``` ``` ``` ``` ``` ``` ``` ``` ``` ``` ``` ``` ``` ``` ``` ``` ``` ``` ``` ``` ``` ``` ``` ``` ``` ``` ``` ``` ``` ``` ``` ``` ``` ``` ``` ``` ``` ``` ``` ``` ``` ``` ``` ``` ``` ``` ``` ``` ``` ``` ``` ``` ``` ``` ``` ``` ``` ``` ``` ``` ``` ``` ``` ``` ``` ``` ``` ``` ``` ``` ``` ``` ``` ``` ``` ``` ``` ``` ``` ``` ``` ``` ``` ``` ``` ``` ``` ``` ``` ``` ``` ``` ``` ``` ``` ``` ``` ``` ``` ``` ``` ``` ``` ``` ``` ``` ``` ``` ``` ``` ``` ``` ``` ``` ``` ``` ``` ``` ``` ``` ``` ``` ``` ``` ``` ``` ``` ``` ``` ``` ``` ``` ``` ``` ``` ``` ``` ``` ``` ``` ``` ``` ``` ``` ``` ``` ``` ``` ``` ``` ``` ``` ``` ``` ``` ``` ``` ``` ``` ``` ``` ``` ``` ``` ``` ``` ``` ``` ``` ``` ``` ``` ``` ``` ``` ``` ``` ``` ``` ``` ``` ``` ``` ``` ``` ``` ``` ``` ``` ``` ``` ``` ``` ``` ``` ``` ``` ``` ``` ``` ``` ``` ``` ``` ``` ``` ``` ``` ``` ``` ``` ``` ``` ``` ``` ``` ``` ``` ``` ``` ``` ``` ``` ``` ``` ``` ``` ``` ``` ``` ``` ``` ``` ``` ``` ``` ``` ``` ``` ``` ``` ``` ``` ``` ``` ``` ``` ``` ``` ``` ``` ``` ``` ``` ``` ``` ``` ``` ``` ``` ``` ``` ``` ``` ``` ``` ``` ``` ``` ``` ``` ``` ``` ``` ``` ``` ``` ``` ``` ``` ``` ``` ``` ``` ``` ``` ``` ``` ``` ``` ``` ``` ``` ``` ``` ``` ``` ``` ``` ``` ``` ``` ``` ``` ``` ``` ``` ``` ``` ``` ``` ``` ``` ``` ``` ``` ``` ``` ``` ``` ``` ``` ``` ``` ``` ``` ``` ``` ``` ``` ``` ``` ``` ``` ``` ``` ``` ``` ``` ``` ``` ``` ``` ``` ``` ``` ``` ``` ``` ``` ``` ``` ``` ``` ``` ``` ``` ``` ``` ``` ``` ``` ``` ``` ``` ``` ``` ``` ``` ``` ``` ``` ``` ``` ``` ``` ``` ``` ``` ``` ``` ``` ``` ``` ``` ``` ``` ``` ``` ``` ``` ``` ``` ``` ``` ``` ``` ``` ``` ``` ``` ``` ``` ``` ``` ``` ``` ``` ``` ``` ``` ``` ``` ``` ``` ``` ``` ``` ``` ``` ``` ``` ``` ``` ``` ``` ``` ``` ``` ``` ``` ``` ``` ``` ``` ``` ``` ``` ``` ``` ``` ``` ``` ``` ``` ``` ``` ``` ``` ``` ``` ``` ``` ``` ``` ``` ``` ``` ``` ``` ``` ``` ``` ``` ``` ``` ``` ``` ``` ``` ``` ``` ``` ``` ``` ``` ``` ``` ``` ``` ``` ``` ``` ``` ``` ``` ``` ``` ``` ``` ``` ``` ``` ``` ``` ``` ``` ``` ``` ``` ``` ``` ``` ``` ``` ``` ``` ``` ``` ``` ``` ``` ``` ``` ``` ``` ``` ``` ``` ``` ``` ``` ``` ``` ``` ``` ``` ``` ``` ``` ``` ``` ``` ``` ``` ``` ``` ``` ``` ``` ``` ``` ``` ``` ``` ``` ``` ``` ``` ``` ``` ``` ``` ``` ``` ``` ``` ``` ``` ``` ``` ``` ``` ``` ``` ``` ``` ``` ``` ``` ``` ``` ``` ``` ``` ``` ``` ``` ``` ``` ``` ``` ``` ``` ``` ``` ``` ``` ``` ``` ``` ``` ``` ``` ``` ``` ``` ``` ``` ``` ``` ``` ``` ``` ``` ``` ``` ``` ``` ``` ``` ``` ``` ``` ``` ``` ``` ``` ``` ``` ``` ``` ``` ``` ``` ``` ``` ``` ``` ``` ``` ``` ``` ``` ``` ``` ``` ``` ``` ``` ``` ``` ``` ``` ``` ``` ``` ``` ``` ``` ``` ``` ``` ``` ``` ``` ``` ``` ``` ``` ``` ``` ``` ``` ``` ``` ``` ``` ``` ``` ``` ``` ``` ``` ``` ``` ``` ``` ``` ``` ``` ``` ``` ``` ``` ``` ``` ``` ``` ``` ``` ``` ``` ``` ``` ``` ``` ``` ``` ``` ``` ``` ``` ``` ``` ``` ``` ``` ``` ``` ``` ``` ``` ``` ``` ``` ``` ``` ``` ``` ``` ``` ``` ``` ``` ``` ``` ``` ``` ``` ``` ``` ``` ``` ``` ``` ``` ``` ``` ``` ``` ``` ``` ``` ``` ``` ``` ``` ``` ``` ``` ``` ``` ``` ``` ``` ``` ``` ``` ``` ``` ``` ``` ``` ``` ``` ``` ``` ``` ``` ``` ``` ``` ``` ``` ``` ``` ``` ``` ``` ``` ``` ``` ``` ``` ``` ``` ``` ``` ``` ``` ``` ``` ``` ``` ``` ``` ``` ``` ``` ``` ``` ``` ``` ``` ``` ``` ``` ``` ``` ``` ``` ``` ``` ``` ``` ``` ``` ``` ``` ``` ``` ``` ``` ``` ``` ``` ``` ``` ``` ``` ``` ``` ``` ``` ``` ``` ``` ``` ``` ``` ``` ``` ``` ``` ``` ``` ``` ``` ``` ``` ``` ``` ``` ``` ``` ``` ``` ``` ``` ``` ``` ``` ``` ``` ``` ``` ``` ``` ``` ``` ``` ``` ``` ``` ``` ``` ``` ``` ``` ``` ``` ``` ``` ``` ``` ``` ``` ``` ``` ``` ``` ``` ``` ```",
    "with_steering_implementation": "module TopModule (\n    input  in,\n    output out\nassign out = in;\nendmodule\nThis Verilog code defines a module named `TopModule` with two ports: `in` and `out`. The `out` port is assigned the value of the `in` port using a combinational assignment statement. This means that whenever the value of `in` changes, the value of `out` will automatically update to match it. ```Given a list of strings, write a Python function to filter out all strings that contain any numeric character."
  },
  {
    "problem_name": "popcount3",
    "original_prompt": "I would like you to implement a module named TopModule with the following\ninterface. All input and output ports are one bit unless otherwise\nspecified.\n\n - input  in  (3 bits)\n - output out (2 bits)\n\nThe module should implement a \"population count\" circuit that counts the\nnumber of '1's in the input vector.",
    "original_implementation": "module RefModule (\n  input [2:0] in,\n  output [1:0] out\n);\n\n  assign out = in[0]+in[1]+in[2];\n\nendmodule",
    "without_steering_implementation": "module TopModule (\n    input  in  [2:0],  // 3-bit input\n    output out [1:0]   // 2-bit output\n    wire [2:0] temp;  // Temporary wire to hold intermediate results\n    assign temp = in ^ in ^ in;  // XOR three times to toggle bits\n    assign out = temp & temp;  // AND result to get population count\nendmodule\nThis code defines a module `TopModule` with an input port `in` of 3 bits and an output port `out` of 2 bits. It uses a temporary wire `temp` to perform a population count by toggling the bits through XOR operations and then counting the number of '1's through AND operations. The result is stored in the output port `out`. ``` ``` ``` ``` ``` ``` ``` ``` ``` ``` ``` ``` ``` ``` ``` ``` ``` ``` ``` ``` ``` ``` ``` ``` ``` ``` ``` ``` ``` ``` ``` ``` ``` ``` ``` ``` ``` ``` ``` ``` ``` ``` ``` ``` ``` ``` ``` ``` ``` ``` ``` ``` ``` ``` ``` ``` ``` ``` ``` ``` ``` ``` ``` ``` ``` ``` ``` ``` ``` ``` ``` ``` ``` ``` ``` ``` ``` ``` ``` ``` ``` ``` ``` ``` ``` ``` ``` ``` ``` ``` ``` ``` ``` ``` ``` ``` ``` ``` ``` ``` ``` ``` ``` ``` ``` ``` ``` ``` ``` ``` ``` ``` ``` ``` ``` ``` ``` ``` ``` ``` ``` ``` ``` ``` ``` ``` ``` ``` ``` ``` ``` ``` ``` ``` ``` ``` ``` ``` ``` ``` ``` ``` ``` ``` ``` ``` ``` ``` ``` ``` ``` ``` ``` ``` ``` ``` ``` ``` ``` ``` ``` ``` ``` ``` ``` ``` ``` ``` ``` ``` ``` ``` ``` ``` ``` ``` ``` ``` ``` ``` ``` ``` ``` ``` ``` ``` ``` ``` ``` ``` ``` ``` ``` ``` ``` ``` ``` ``` ``` ``` ``` ``` ``` ``` ``` ``` ``` ``` ``` ``` ``` ``` ``` ``` ``` ``` ``` ``` ``` ``` ``` ``` ``` ``` ``` ``` ``` ``` ``` ``` ``` ``` ``` ``` ``` ``` ``` ``` ``` ``` ``` ``` ``` ``` ``` ``` ``` ``` ``` ``` ``` ``` ``` ``` ``` ``` ``` ``` ``` ``` ``` ``` ``` ``` ``` ``` ``` ``` ``` ``` ``` ``` ``` ``` ``` ``` ``` ``` ``` ``` ``` ``` ``` ``` ``` ``` ``` ``` ``` ``` ``` ``` ``` ``` ``` ``` ``` ``` ``` ``` ``` ``` ``` ``` ``` ``` ``` ``` ``` ``` ``` ``` ``` ``` ``` ``` ``` ``` ``` ``` ``` ``` ``` ``` ``` ``` ``` ``` ``` ``` ``` ``` ``` ``` ``` ``` ``` ``` ``` ``` ``` ``` ``` ``` ``` ``` ``` ``` ``` ``` ``` ``` ``` ``` ``` ``` ``` ``` ``` ``` ``` ``` ``` ``` ``` ``` ``` ``` ``` ``` ``` ``` ``` ``` ``` ``` ``` ``` ``` ``` ``` ``` ``` ``` ``` ``` ``` ``` ``` ``` ``` ``` ``` ``` ``` ``` ``` ``` ``` ``` ``` ``` ``` ``` ``` ``` ``` ``` ``` ``` ``` ``` ``` ``` ``` ``` ``` ``` ``` ``` ``` ``` ``` ``` ``` ``` ``` ``` ``` ``` ``` ``` ``` ``` ``` ``` ``` ``` ``` ``` ``` ``` ``` ``` ``` ``` ``` ``` ``` ``` ``` ``` ``` ``` ``` ``` ``` ``` ``` ``` ``` ``` ``` ``` ``` ``` ``` ``` ``` ``` ``` ``` ``` ``` ``` ``` ``` ``` ``` ``` ``` ``` ``` ``` ``` ``` ``` ``` ``` ``` ``` ``` ``` ``` ``` ``` ``` ``` ``` ``` ``` ``` ``` ``` ``` ``` ``` ``` ``` ``` ``` ``` ``` ``` ``` ``` ``` ``` ``` ``` ``` ``` ``` ``` ``` ``` ``` ``` ``` ``` ``` ``` ``` ``` ``` ``` ``` ``` ``` ``` ``` ``` ``` ``` ``` ``` ``` ``` ``` ``` ``` ``` ``` ``` ``` ``` ``` ``` ``` ``` ``` ``` ``` ``` ``` ``` ``` ``` ``` ``` ``` ``` ``` ``` ``` ``` ``` ``` ``` ``` ``` ``` ``` ``` ``` ``` ``` ``` ``` ``` ``` ``` ``` ``` ``` ``` ``` ``` ``` ``` ``` ``` ``` ``` ``` ``` ``` ``` ``` ``` ``` ``` ``` ``` ``` ``` ``` ``` ``` ``` ``` ``` ``` ``` ``` ``` ``` ``` ``` ``` ``` ``` ``` ``` ``` ``` ``` ``` ``` ``` ``` ``` ``` ``` ``` ``` ``` ``` ``` ``` ``` ``` ``` ``` ``` ``` ``` ``` ``` ``` ``` ``` ``` ``` ``` ``` ``` ``` ``` ``` ``` ``` ``` ``` ``` ``` ``` ``` ``` ``` ``` ``` ``` ``` ``` ``` ``` ``` ``` ``` ``` ``` ``` ``` ``` ``` ``` ``` ``` ``` ``` ``` ``` ``` ``` ``` ``` ``` ``` ``` ``` ``` ``` ``` ``` ``` ``` ``` ``` ``` ``` ``` ``` ``` ``` ``` ``` ``` ``` ``` ``` ``` ``` ``` ``` ``` ``` ``` ``` ``` ``` ``` ``` ``` ``` ``` ``` ``` ``` ``` ``` ``` ``` ``` ``` ``` ``` ``` ``` ``` ``` ``` ``` ``` ``` ``` ``` ``` ``` ``` ``` ``` ``` ``` ``` ``` ``` ``` ``` ``` ``` ``` ``` ``` ``` ``` ``` ``` ``` ``` ``` ``` ``` ``` ``` ``` ``` ``` ``` ``` ``` ``` ``` ``` ``` ``` ``` ``` ``` ``` ``` ``` ``` ``` ```",
    "with_steering_implementation": "module TopModule(\n    input wire clk,\n    input wire rst,\n    input [2:0] in,\n    output reg [1:0] out\n);\n\n    // Declare a register to hold the population count\n    reg [1:0] count;\n\n    // Assign the input to the register\n    assign count = in;\n\n    // Implement a population count circuit using a combination of logic gates\n    always @(posedge clk or posedge rst) begin\n        if (rst) begin\n            // Reset the population count to zero when reset is asserted\n            count <= 2'b0;\n        end else begin\n            // Count the number of '1's in the input vector\n            count <= count + in;\n        end\n    end\n\nendmodule"
  },
  {
    "problem_name": "mt2015_q4a",
    "original_prompt": "I would like you to implement a module named TopModule with the following\ninterface. All input and output ports are one bit unless otherwise\nspecified.\n\n - input  x\n - input  y\n - output z\n\nThe module should implement the boolean function z = (x^y) & x.",
    "original_implementation": "module RefModule (\n  input x,\n  input y,\n  output z\n);\n\n  assign z = (x^y) & x;\n\nendmodule",
    "without_steering_implementation": "module TopModule (\n    input wire x,\n    input wire y,\n    output wire z\nassign z = (x ^ y) & x;\nendmodule\nThis code defines a module named `TopModule` with three ports: `x`, `y`, and `z`. The module implements the boolean function \\( z = (x \\oplus y) \\land x \\) using the XOR (`^`) and AND (`&`) operators. The `assign` statement connects the output `z` to the result of the expression \\( (x \\oplus y) \\land x \\). ``` ``` ``` ``` ``` ``` ``` ``` ``` ``` ``` ``` ``` ``` ``` ``` ``` ``` ``` ``` ``` ``` ``` ``` ``` ``` ``` ``` ``` ``` ``` ``` ``` ``` ``` ``` ``` ``` ``` ``` ``` ``` ``` ``` ``` ``` ``` ``` ``` ``` ``` ``` ``` ``` ``` ``` ``` ``` ``` ``` ``` ``` ``` ``` ``` ``` ``` ``` ``` ``` ``` ``` ``` ``` ``` ``` ``` ``` ``` ``` ``` ``` ``` ``` ``` ``` ``` ``` ``` ``` ``` ``` ``` ``` ``` ``` ``` ``` ``` ``` ``` ``` ``` ``` ``` ``` ``` ``` ``` ``` ``` ``` ``` ``` ``` ``` ``` ``` ``` ``` ``` ``` ``` ``` ``` ``` ``` ``` ``` ``` ``` ``` ``` ``` ``` ``` ``` ``` ``` ``` ``` ``` ``` ``` ``` ``` ``` ``` ``` ``` ``` ``` ``` ``` ``` ``` ``` ``` ``` ``` ``` ``` ``` ``` ``` ``` ``` ``` ``` ``` ``` ``` ``` ``` ``` ``` ``` ``` ``` ``` ``` ``` ``` ``` ``` ``` ``` ``` ``` ``` ``` ``` ``` ``` ``` ``` ``` ``` ``` ``` ``` ``` ``` ``` ``` ``` ``` ``` ``` ``` ``` ``` ``` ``` ``` ``` ``` ``` ``` ``` ``` ``` ``` ``` ``` ``` ``` ``` ``` ``` ``` ``` ``` ``` ``` ``` ``` ``` ``` ``` ``` ``` ``` ``` ``` ``` ``` ``` ``` ``` ``` ``` ``` ``` ``` ``` ``` ``` ``` ``` ``` ``` ``` ``` ``` ``` ``` ``` ``` ``` ``` ``` ``` ``` ``` ``` ``` ``` ``` ``` ``` ``` ``` ``` ``` ``` ``` ``` ``` ``` ``` ``` ``` ``` ``` ``` ``` ``` ``` ``` ``` ``` ``` ``` ``` ``` ``` ``` ``` ``` ``` ``` ``` ``` ``` ``` ``` ``` ``` ``` ``` ``` ``` ``` ``` ``` ``` ``` ``` ``` ``` ``` ``` ``` ``` ``` ``` ``` ``` ``` ``` ``` ``` ``` ``` ``` ``` ``` ``` ``` ``` ``` ``` ``` ``` ``` ``` ``` ``` ``` ``` ``` ``` ``` ``` ``` ``` ``` ``` ``` ``` ``` ``` ``` ``` ``` ``` ``` ``` ``` ``` ``` ``` ``` ``` ``` ``` ``` ``` ``` ``` ``` ``` ``` ``` ``` ``` ``` ``` ``` ``` ``` ``` ``` ``` ``` ``` ``` ``` ``` ``` ``` ``` ``` ``` ``` ``` ``` ``` ``` ``` ``` ``` ``` ``` ``` ``` ``` ``` ``` ``` ``` ``` ``` ``` ``` ``` ``` ``` ``` ``` ``` ``` ``` ``` ``` ``` ``` ``` ``` ``` ``` ``` ``` ``` ``` ``` ``` ``` ``` ``` ``` ``` ``` ``` ``` ``` ``` ``` ``` ``` ``` ``` ``` ``` ``` ``` ``` ``` ``` ``` ``` ``` ``` ``` ``` ``` ``` ``` ``` ``` ``` ``` ``` ``` ``` ``` ``` ``` ``` ``` ``` ``` ``` ``` ``` ``` ``` ``` ``` ``` ``` ``` ``` ``` ``` ``` ``` ``` ``` ``` ``` ``` ``` ``` ``` ``` ``` ``` ``` ``` ``` ``` ``` ``` ``` ``` ``` ``` ``` ``` ``` ``` ``` ``` ``` ``` ``` ``` ``` ``` ``` ``` ``` ``` ``` ``` ``` ``` ``` ``` ``` ``` ``` ``` ``` ``` ``` ``` ``` ``` ``` ``` ``` ``` ``` ``` ``` ``` ``` ``` ``` ``` ``` ``` ``` ``` ``` ``` ``` ``` ``` ``` ``` ``` ``` ``` ``` ``` ``` ``` ``` ``` ``` ``` ``` ``` ``` ``` ``` ``` ``` ``` ``` ``` ``` ``` ``` ``` ``` ``` ``` ``` ``` ``` ``` ``` ``` ``` ``` ``` ``` ``` ``` ``` ``` ``` ``` ``` ``` ``` ``` ``` ``` ``` ``` ``` ``` ``` ``` ``` ``` ``` ``` ``` ``` ``` ``` ``` ``` ``` ``` ``` ``` ``` ``` ``` ``` ``` ``` ``` ``` ``` ``` ``` ``` ``` ``` ``` ``` ``` ``` ``` ``` ``` ``` ``` ``` ``` ``` ``` ``` ``` ``` ``` ``` ``` ``` ``` ``` ``` ``` ``` ``` ``` ``` ``` ``` ``` ``` ``` ``` ``` ``` ``` ``` ``` ``` ``` ``` ``` ``` ``` ``` ``` ``` ``` ``` ``` ``` ``` ``` ``` ``` ``` ``` ``` ``` ``` ``` ``` ``` ``` ``` ``` ``` ``` ``` ``` ``` ``` ``` ``` ``` ``` ``` ``` ``` ``` ``` ``` ``` ``` ``` ``` ``` ``` ``` ``` ``` ``` ``` ``` ``` ``` ``` ``` ``` ``` ``` ``` ``` ``` ``` ``` ``` ``` ``` ``` ``` ``` ``` ``` ``` ``` ``` ``` ``` ``` ``` ``` ``` ``` ``` ``` ``` ``` ``` ``` ``` ``` ``` ``` ``` ``` ``` ``` ``` ``` ``` ``` ``` ``` ``` ``` ``` ``` ``` ``` ``` ``` ``` ``` ``` ``` ``` ``` ``` ``` ``` ``` ``` ``` ``` ``` ``` ``` ``` ``` ``` ``` ``` ``` ``` ``` ``` ``` ``` ``` ``` ``` ``` ``` ``` ``` ``` ``` ``` ``` ``` ``` ``` ``` ``` ``` ```",
    "with_steering_implementation": "module TopModule (\n    input  x,\n    input  y,\n    output z\n    assign z = (x ^ y) & x;\nendmodule\nThis Verilog code defines a module named `TopModule` with the specified interface and implements the required boolean function. The `assign` statement calculates `z` as the result of the expression `(x ^ y) & x`, which is equivalent to the given boolean function. The module includes input ports `x` and `y`, and an output port `z`. ``` ``` ``` ``` ``` ``` ``` ``` ``` ``` ``` ``` ``` ``` ``` ``` ``` ``` ``` ``` ``` ``` ``` ``` ``` ``` ``` ``` ``` ``` ``` ``` ``` ``` ``` ``` ``` ``` ``` ``` ``` ``` ``` ``` ``` ``` ``` ``` ``` ``` ``` ``` ``` ``` ``` ``` ``` ``` ``` ``` ``` ``` ``` ``` ``` ``` ``` ``` ``` ``` ``` ``` ``` ``` ``` ``` ``` ``` ``` ``` ``` ``` ``` ``` ``` ``` ``` ``` ``` ``` ``` ``` ``` ``` ``` ``` ``` ``` ``` ``` ``` ``` ``` ``` ``` ``` ``` ``` ``` ``` ``` ``` ``` ``` ``` ``` ``` ``` ``` ``` ``` ``` ``` ``` ``` ``` ``` ``` ``` ``` ``` ``` ``` ``` ``` ``` ``` ``` ``` ``` ``` ``` ``` ``` ``` ``` ``` ``` ``` ``` ``` ``` ``` ``` ``` ``` ``` ``` ``` ``` ``` ``` ``` ``` ``` ``` ``` ``` ``` ``` ``` ``` ``` ``` ``` ``` ``` ``` ``` ``` ``` ``` ``` ``` ``` ``` ``` ``` ``` ``` ``` ``` ``` ``` ``` ``` ``` ``` ``` ``` ``` ``` ``` ``` ``` ``` ``` ``` ``` ``` ``` ``` ``` ``` ``` ``` ``` ``` ``` ``` ``` ``` ``` ``` ``` ``` ``` ``` ``` ``` ``` ``` ``` ``` ``` ``` ``` ``` ``` ``` ``` ``` ``` ``` ``` ``` ``` ``` ``` ``` ``` ``` ``` ``` ``` ``` ``` ``` ``` ``` ``` ``` ``` ``` ``` ``` ``` ``` ``` ``` ``` ``` ``` ``` ``` ``` ``` ``` ``` ``` ``` ``` ``` ``` ``` ``` ``` ``` ``` ``` ``` ``` ``` ``` ``` ``` ``` ``` ``` ``` ``` ``` ``` ``` ``` ``` ``` ``` ``` ``` ``` ``` ``` ``` ``` ``` ``` ``` ``` ``` ``` ``` ``` ``` ``` ``` ``` ``` ``` ``` ``` ``` ``` ``` ``` ``` ``` ``` ``` ``` ``` ``` ``` ``` ``` ``` ``` ``` ``` ``` ``` ``` ``` ``` ``` ``` ``` ``` ``` ``` ``` ``` ``` ``` ``` ``` ``` ``` ``` ``` ``` ``` ``` ``` ``` ``` ``` ``` ``` ``` ``` ``` ``` ``` ``` ``` ``` ``` ``` ``` ``` ``` ``` ``` ``` ``` ``` ``` ``` ``` ``` ``` ``` ``` ``` ``` ``` ``` ``` ``` ``` ``` ``` ``` ``` ``` ``` ``` ``` ``` ``` ``` ``` ``` ``` ``` ``` ``` ``` ``` ``` ``` ``` ``` ``` ``` ``` ``` ``` ``` ``` ``` ``` ``` ``` ``` ``` ``` ``` ``` ``` ``` ``` ``` ``` ``` ``` ``` ``` ``` ``` ``` ``` ``` ``` ``` ``` ``` ``` ``` ``` ``` ``` ``` ``` ``` ``` ``` ``` ``` ``` ``` ``` ``` ``` ``` ``` ``` ``` ``` ``` ``` ``` ``` ``` ``` ``` ``` ``` ``` ``` ``` ``` ``` ``` ``` ``` ``` ``` ``` ``` ``` ``` ``` ``` ``` ``` ``` ``` ``` ``` ``` ``` ``` ``` ``` ``` ``` ``` ``` ``` ``` ``` ``` ``` ``` ``` ``` ``` ``` ``` ``` ``` ``` ``` ``` ``` ``` ``` ``` ``` ``` ``` ``` ``` ``` ``` ``` ``` ``` ``` ``` ``` ``` ``` ``` ``` ``` ``` ``` ``` ``` ``` ``` ``` ``` ``` ``` ``` ``` ``` ``` ``` ``` ``` ``` ``` ``` ``` ``` ``` ``` ``` ``` ``` ``` ``` ``` ``` ``` ``` ``` ``` ``` ``` ``` ``` ``` ``` ``` ``` ``` ``` ``` ``` ``` ``` ``` ``` ``` ``` ``` ``` ``` ``` ``` ``` ``` ``` ``` ``` ``` ``` ``` ``` ``` ``` ``` ``` ``` ``` ``` ``` ``` ``` ``` ``` ``` ``` ``` ``` ``` ``` ``` ``` ``` ``` ``` ``` ``` ``` ``` ``` ``` ``` ``` ``` ``` ``` ``` ``` ``` ``` ``` ``` ``` ``` ``` ``` ``` ``` ``` ``` ``` ``` ``` ``` ``` ``` ``` ``` ``` ``` ``` ``` ``` ``` ``` ``` ``` ``` ``` ``` ``` ``` ``` ``` ``` ``` ``` ``` ``` ``` ``` ``` ``` ``` ``` ``` ``` ``` ``` ``` ``` ``` ``` ``` ``` ``` ``` ``` ``` ``` ``` ``` ``` ``` ``` ``` ``` ``` ``` ``` ``` ``` ``` ``` ``` ``` ``` ``` ``` ``` ``` ``` ``` ``` ``` ``` ``` ``` ``` ``` ``` ``` ``` ``` ``` ``` ``` ``` ``` ``` ``` ``` ``` ``` ``` ``` ``` ``` ``` ``` ``` ``` ``` ``` ``` ``` ``` ``` ``` ``` ``` ``` ``` ``` ``` ``` ``` ``` ``` ``` ``` ``` ``` ``` ``` ``` ``` ``` ``` ``` ``` ``` ``` ``` ``` ``` ``` ``` ``` ``` ``` ``` ``` ``` ``` ``` ``` ``` ``` ``` ``` ``` ``` ``` ``` ``` ``` ``` ``` ``` ``` ``` ``` ``` ``` ``` ``` ``` ``` ``` ``` ``` ``` ``` ``` ``` ``` ``` ``` ``` ``` ``` ``` ``` ``` ``` ``` ``` ``` ``` ```"
  },
  {
    "problem_name": "norgate",
    "original_prompt": "I would like you to implement a module named TopModule with the following\ninterface. All input and output ports are one bit unless otherwise\nspecified.\n\n - input  a\n - input  b\n - output out\n\nThe module should implement a NOR gate.",
    "original_implementation": "module RefModule (\n  input a,\n  input b,\n  output out\n);\n\n  assign out = ~(a | b);\n\nendmodule",
    "without_steering_implementation": "module TopModule (\n    input a,\n    input b,\n    output out\nassign out = ~(a | b);\nendmodule\nThis Verilog code defines a module `TopModule` with inputs `a` and `b` and an output `out`. It implements a NOR gate by using the bitwise OR operator (`|`) to combine `a` and `b`, and then applying the NOT operator (`~`) to the result to obtain the NOR output. The assignment statement `out = ~(a | b);` performs this operation. ``` ``` ``` ``` ``` ``` ``` ``` ``` ``` ``` ``` ``` ``` ``` ``` ``` ``` ``` ``` ``` ``` ``` ``` ``` ``` ``` ``` ``` ``` ``` ``` ``` ``` ``` ``` ``` ``` ``` ``` ``` ``` ``` ``` ``` ``` ``` ``` ``` ``` ``` ``` ``` ``` ``` ``` ``` ``` ``` ``` ``` ``` ``` ``` ``` ``` ``` ``` ``` ``` ``` ``` ``` ``` ``` ``` ``` ``` ``` ``` ``` ``` ``` ``` ``` ``` ``` ``` ``` ``` ``` ``` ``` ``` ``` ``` ``` ``` ``` ``` ``` ``` ``` ``` ``` ``` ``` ``` ``` ``` ``` ``` ``` ``` ``` ``` ``` ``` ``` ``` ``` ``` ``` ``` ``` ``` ``` ``` ``` ``` ``` ``` ``` ``` ``` ``` ``` ``` ``` ``` ``` ``` ``` ``` ``` ``` ``` ``` ``` ``` ``` ``` ``` ``` ``` ``` ``` ``` ``` ``` ``` ``` ``` ``` ``` ``` ``` ``` ``` ``` ``` ``` ``` ``` ``` ``` ``` ``` ``` ``` ``` ``` ``` ``` ``` ``` ``` ``` ``` ``` ``` ``` ``` ``` ``` ``` ``` ``` ``` ``` ``` ``` ``` ``` ``` ``` ``` ``` ``` ``` ``` ``` ``` ``` ``` ``` ``` ``` ``` ``` ``` ``` ``` ``` ``` ``` ``` ``` ``` ``` ``` ``` ``` ``` ``` ``` ``` ``` ``` ``` ``` ``` ``` ``` ``` ``` ``` ``` ``` ``` ``` ``` ``` ``` ``` ``` ``` ``` ``` ``` ``` ``` ``` ``` ``` ``` ``` ``` ``` ``` ``` ``` ``` ``` ``` ``` ``` ``` ``` ``` ``` ``` ``` ``` ``` ``` ``` ``` ``` ``` ``` ``` ``` ``` ``` ``` ``` ``` ``` ``` ``` ``` ``` ``` ``` ``` ``` ``` ``` ``` ``` ``` ``` ``` ``` ``` ``` ``` ``` ``` ``` ``` ``` ``` ``` ``` ``` ``` ``` ``` ``` ``` ``` ``` ``` ``` ``` ``` ``` ``` ``` ``` ``` ``` ``` ``` ``` ``` ``` ``` ``` ``` ``` ``` ``` ``` ``` ``` ``` ``` ``` ``` ``` ``` ``` ``` ``` ``` ``` ``` ``` ``` ``` ``` ``` ``` ``` ``` ``` ``` ``` ``` ``` ``` ``` ``` ``` ``` ``` ``` ``` ``` ``` ``` ``` ``` ``` ``` ``` ``` ``` ``` ``` ``` ``` ``` ``` ``` ``` ``` ``` ``` ``` ``` ``` ``` ``` ``` ``` ``` ``` ``` ``` ``` ``` ``` ``` ``` ``` ``` ``` ``` ``` ``` ``` ``` ``` ``` ``` ``` ``` ``` ``` ``` ``` ``` ``` ``` ``` ``` ``` ``` ``` ``` ``` ``` ``` ``` ``` ``` ``` ``` ``` ``` ``` ``` ``` ``` ``` ``` ``` ``` ``` ``` ``` ``` ``` ``` ``` ``` ``` ``` ``` ``` ``` ``` ``` ``` ``` ``` ``` ``` ``` ``` ``` ``` ``` ``` ``` ``` ``` ``` ``` ``` ``` ``` ``` ``` ``` ``` ``` ``` ``` ``` ``` ``` ``` ``` ``` ``` ``` ``` ``` ``` ``` ``` ``` ``` ``` ``` ``` ``` ``` ``` ``` ``` ``` ``` ``` ``` ``` ``` ``` ``` ``` ``` ``` ``` ``` ``` ``` ``` ``` ``` ``` ``` ``` ``` ``` ``` ``` ``` ``` ``` ``` ``` ``` ``` ``` ``` ``` ``` ``` ``` ``` ``` ``` ``` ``` ``` ``` ``` ``` ``` ``` ``` ``` ``` ``` ``` ``` ``` ``` ``` ``` ``` ``` ``` ``` ``` ``` ``` ``` ``` ``` ``` ``` ``` ``` ``` ``` ``` ``` ``` ``` ``` ``` ``` ``` ``` ``` ``` ``` ``` ``` ``` ``` ``` ``` ``` ``` ``` ``` ``` ``` ``` ``` ``` ``` ``` ``` ``` ``` ``` ``` ``` ``` ``` ``` ``` ``` ``` ``` ``` ``` ``` ``` ``` ``` ``` ``` ``` ``` ``` ``` ``` ``` ``` ``` ``` ``` ``` ``` ``` ``` ``` ``` ``` ``` ``` ``` ``` ``` ``` ``` ``` ``` ``` ``` ``` ``` ``` ``` ``` ``` ``` ``` ``` ``` ``` ``` ``` ``` ``` ``` ``` ``` ``` ``` ``` ``` ``` ``` ``` ``` ``` ``` ``` ``` ``` ``` ``` ``` ``` ``` ``` ``` ``` ``` ``` ``` ``` ``` ``` ``` ``` ``` ``` ``` ``` ``` ``` ``` ``` ``` ``` ``` ``` ``` ``` ``` ``` ``` ``` ``` ``` ``` ``` ``` ``` ``` ``` ``` ``` ``` ``` ``` ``` ``` ``` ``` ``` ``` ``` ``` ``` ``` ``` ``` ``` ``` ``` ``` ``` ``` ``` ``` ``` ``` ``` ``` ``` ``` ``` ``` ``` ``` ``` ``` ``` ``` ``` ``` ``` ``` ``` ``` ``` ``` ``` ``` ``` ``` ``` ``` ``` ``` ``` ``` ``` ``` ``` ``` ``` ``` ``` ``` ``` ``` ``` ``` ``` ``` ``` ``` ``` ``` ``` ``` ``` ``` ``` ``` ``` ``` ``` ``` ``` ``` ``` ``` ``` ``` ``` ``` ``` ``` ``` ``` ``` ``` ``` ``` ``` ``` ``` ``` ``` ``` ``` ``` ``` ``` ``` ``` ``` ``` ``` ``` ``` ``` ``` ``` ``` ``` ``` ```",
    "with_steering_implementation": "module TopModule(\n    input a,\n    input b,\n    output out\n    assign out = ~(a | b);\nendmodule\nThis code defines a module `TopModule` with three ports: `a`, `b`, and `out`. It uses the bitwise OR operator (`|`) to combine inputs `a` and `b`, and then negates the result using the NOT operator (`~`) to produce the output `out`, which is the NOR of `a` and `b`. ``` ``` ``` ``` ``` ``` ``` ``` ``` ``` ``` ``` ``` ``` ``` ``` ``` ``` ``` ``` ``` ``` ``` ``` ``` ``` ``` ``` ``` ``` ``` ``` ``` ``` ``` ``` ``` ``` ``` ``` ``` ``` ``` ``` ``` ``` ``` ``` ``` ``` ``` ``` ``` ``` ``` ``` ``` ``` ``` ``` ``` ``` ``` ``` ``` ``` ``` ``` ``` ``` ``` ``` ``` ``` ``` ``` ``` ``` ``` ``` ``` ``` ``` ``` ``` ``` ``` ``` ``` ``` ``` ``` ``` ``` ``` ``` ``` ``` ``` ``` ``` ``` ``` ``` ``` ``` ``` ``` ``` ``` ``` ``` ``` ``` ``` ``` ``` ``` ``` ``` ``` ``` ``` ``` ``` ``` ``` ``` ``` ``` ``` ``` ``` ``` ``` ``` ``` ``` ``` ``` ``` ``` ``` ``` ``` ``` ``` ``` ``` ``` ``` ``` ``` ``` ``` ``` ``` ``` ``` ``` ``` ``` ``` ``` ``` ``` ``` ``` ``` ``` ``` ``` ``` ``` ``` ``` ``` ``` ``` ``` ``` ``` ``` ``` ``` ``` ``` ``` ``` ``` ``` ``` ``` ``` ``` ``` ``` ``` ``` ``` ``` ``` ``` ``` ``` ``` ``` ``` ``` ``` ``` ``` ``` ``` ``` ``` ``` ``` ``` ``` ``` ``` ``` ``` ``` ``` ``` ``` ``` ``` ``` ``` ``` ``` ``` ``` ``` ``` ``` ``` ``` ``` ``` ``` ``` ``` ``` ``` ``` ``` ``` ``` ``` ``` ``` ``` ``` ``` ``` ``` ``` ``` ``` ``` ``` ``` ``` ``` ``` ``` ``` ``` ``` ``` ``` ``` ``` ``` ``` ``` ``` ``` ``` ``` ``` ``` ``` ``` ``` ``` ``` ``` ``` ``` ``` ``` ``` ``` ``` ``` ``` ``` ``` ``` ``` ``` ``` ``` ``` ``` ``` ``` ``` ``` ``` ``` ``` ``` ``` ``` ``` ``` ``` ``` ``` ``` ``` ``` ``` ``` ``` ``` ``` ``` ``` ``` ``` ``` ``` ``` ``` ``` ``` ``` ``` ``` ``` ``` ``` ``` ``` ``` ``` ``` ``` ``` ``` ``` ``` ``` ``` ``` ``` ``` ``` ``` ``` ``` ``` ``` ``` ``` ``` ``` ``` ``` ``` ``` ``` ``` ``` ``` ``` ``` ``` ``` ``` ``` ``` ``` ``` ``` ``` ``` ``` ``` ``` ``` ``` ``` ``` ``` ``` ``` ``` ``` ``` ``` ``` ``` ``` ``` ``` ``` ``` ``` ``` ``` ``` ``` ``` ``` ``` ``` ``` ``` ``` ``` ``` ``` ``` ``` ``` ``` ``` ``` ``` ``` ``` ``` ``` ``` ``` ``` ``` ``` ``` ``` ``` ``` ``` ``` ``` ``` ``` ``` ``` ``` ``` ``` ``` ``` ``` ``` ``` ``` ``` ``` ``` ``` ``` ``` ``` ``` ``` ``` ``` ``` ``` ``` ``` ``` ``` ``` ``` ``` ``` ``` ``` ``` ``` ``` ``` ``` ``` ``` ``` ``` ``` ``` ``` ``` ``` ``` ``` ``` ``` ``` ``` ``` ``` ``` ``` ``` ``` ``` ``` ``` ``` ``` ``` ``` ``` ``` ``` ``` ``` ``` ``` ``` ``` ``` ``` ``` ``` ``` ``` ``` ``` ``` ``` ``` ``` ``` ``` ``` ``` ``` ``` ``` ``` ``` ``` ``` ``` ``` ``` ``` ``` ``` ``` ``` ``` ``` ``` ``` ``` ``` ``` ``` ``` ``` ``` ``` ``` ``` ``` ``` ``` ``` ``` ``` ``` ``` ``` ``` ``` ``` ``` ``` ``` ``` ``` ``` ``` ``` ``` ``` ``` ``` ``` ``` ``` ``` ``` ``` ``` ``` ``` ``` ``` ``` ``` ``` ``` ``` ``` ``` ``` ``` ``` ``` ``` ``` ``` ``` ``` ``` ``` ``` ``` ``` ``` ``` ``` ``` ``` ``` ``` ``` ``` ``` ``` ``` ``` ``` ``` ``` ``` ``` ``` ``` ``` ``` ``` ``` ``` ``` ``` ``` ``` ``` ``` ``` ``` ``` ``` ``` ``` ``` ``` ``` ``` ``` ``` ``` ``` ``` ``` ``` ``` ``` ``` ``` ``` ``` ``` ``` ``` ``` ``` ``` ``` ``` ``` ``` ``` ``` ``` ``` ``` ``` ``` ``` ``` ``` ``` ``` ``` ``` ``` ``` ``` ``` ``` ``` ``` ``` ``` ``` ``` ``` ``` ``` ``` ``` ``` ``` ``` ``` ``` ``` ``` ``` ``` ``` ``` ``` ``` ``` ``` ``` ``` ``` ``` ``` ``` ``` ``` ``` ``` ``` ``` ``` ``` ``` ``` ``` ``` ``` ``` ``` ``` ``` ``` ``` ``` ``` ``` ``` ``` ``` ``` ``` ``` ``` ``` ``` ``` ``` ``` ``` ``` ``` ``` ``` ``` ``` ``` ``` ``` ``` ``` ``` ``` ``` ``` ``` ``` ``` ``` ``` ``` ``` ``` ``` ``` ``` ``` ``` ``` ``` ``` ``` ``` ``` ``` ``` ``` ``` ``` ``` ``` ``` ``` ``` ``` ``` ``` ``` ``` ``` ``` ``` ``` ``` ``` ``` ``` ``` ``` ``` ``` ``` ``` ``` ``` ``` ``` ``` ``` ``` ``` ``` ``` ``` ``` ``` ``` ``` ``` ``` ``` ``` ``` ``` ``` ``` ``` ``` ``` ``` ``` ``` ``` ``` ``` ``` ``` ``` ``` ``` ``` ``` ``` ``` ```"
  },
  {
    "problem_name": "xnorgate",
    "original_prompt": "I would like you to implement a module named TopModule with the following\ninterface. All input and output ports are one bit unless otherwise\nspecified.\n\n - input  a\n - input  b\n - output out\n\nThe module should implement an XNOR gate.",
    "original_implementation": "module RefModule (\n  input a,\n  input b,\n  output out\n);\n\n  assign out = ~(a^b);\n\nendmodule",
    "without_steering_implementation": "module TopModule (\n    input a,\n    input b,\n    output out\n);\n\n    // Implement the XNOR gate logic\n    assign out = ~(a ^ b);\n\nendmodule",
    "with_steering_implementation": "module TopModule (\n    input a,\n    input b,\n    output out\n);\n\n    // Implement the XNOR gate logic here\n    assign out = ~(a ^ b);\n\nendmodule"
  },
  {
    "problem_name": "m2014_q4e",
    "original_prompt": "I would like you to implement a module named TopModule with the following\ninterface. All input and output ports are one bit unless otherwise\nspecified.\n\n - input  in1\n - input  in2\n - output out\n\nThe module should implement a 2-input NOR gate.",
    "original_implementation": "module RefModule (\n  input in1,\n  input in2,\n  output logic out\n);\n\n  assign out = ~(in1 | in2);\n\nendmodule",
    "without_steering_implementation": "module TopModule(\n    input in1,\n    input in2,\n    output out\n    assign out = ~(in1 | in2);\nendmodule\n- `module TopModule(`: This line defines a new module named `TopModule` with three input ports (`in1`, `in2`) and one output port (`out`).\n- `input in1, input in2, output out`: These lines specify that `in1` and `in2` are input ports and `out` is an output port.\n- `assign out = ~(in1 | in2);`: This line implements a 2-input NOR gate. The expression `~(in1 | in2)` computes the NOR operation between `in1` and `in2`. The `~` operator is the bitwise NOT operator, which negates the result of the OR operation.\n- `endmodule`: This line ends the definition of the `TopModule` module.\nThis Verilog code correctly implements a 2-input NOR gate using the specified interface and logic. ``` ``` ``` ``` ``` ``` ``` ``` ``` ``` ``` ``` ``` ``` ``` ``` ``` ``` ``` ``` ``` ``` ``` ``` ``` ``` ``` ``` ``` ``` ``` ``` ``` ``` ``` ``` ``` ``` ``` ``` ``` ``` ``` ``` ``` ``` ``` ``` ``` ``` ``` ``` ``` ``` ``` ``` ``` ``` ``` ``` ``` ``` ``` ``` ``` ``` ``` ``` ``` ``` ``` ``` ``` ``` ``` ``` ``` ``` ``` ``` ``` ``` ``` ``` ``` ``` ``` ``` ``` ``` ``` ``` ``` ``` ``` ``` ``` ``` ``` ``` ``` ``` ``` ``` ``` ``` ``` ``` ``` ``` ``` ``` ``` ``` ``` ``` ``` ``` ``` ``` ``` ``` ``` ``` ``` ``` ``` ``` ``` ``` ``` ``` ``` ``` ``` ``` ``` ``` ``` ``` ``` ``` ``` ``` ``` ``` ``` ``` ``` ``` ``` ``` ``` ``` ``` ``` ``` ``` ``` ``` ``` ``` ``` ``` ``` ``` ``` ``` ``` ``` ``` ``` ``` ``` ``` ``` ``` ``` ``` ``` ``` ``` ``` ``` ``` ``` ``` ``` ``` ``` ``` ``` ``` ``` ``` ``` ``` ``` ``` ``` ``` ``` ``` ``` ``` ``` ``` ``` ``` ``` ``` ``` ``` ``` ``` ``` ``` ``` ``` ``` ``` ``` ``` ``` ``` ``` ``` ``` ``` ``` ``` ``` ``` ``` ``` ``` ``` ``` ``` ``` ``` ``` ``` ``` ``` ``` ``` ``` ``` ``` ``` ``` ``` ``` ``` ``` ``` ``` ``` ``` ``` ``` ``` ``` ``` ``` ``` ``` ``` ``` ``` ``` ``` ``` ``` ``` ``` ``` ``` ``` ``` ``` ``` ``` ``` ``` ``` ``` ``` ``` ``` ``` ``` ``` ``` ``` ``` ``` ``` ``` ``` ``` ``` ``` ``` ``` ``` ``` ``` ``` ``` ``` ``` ``` ``` ``` ``` ``` ``` ``` ``` ``` ``` ``` ``` ``` ``` ``` ``` ``` ``` ``` ``` ``` ``` ``` ``` ``` ``` ``` ``` ``` ``` ``` ``` ``` ``` ``` ``` ``` ``` ``` ``` ``` ``` ``` ``` ``` ``` ``` ``` ``` ``` ``` ``` ``` ``` ``` ``` ``` ``` ``` ``` ``` ``` ``` ``` ``` ``` ``` ``` ``` ``` ``` ``` ``` ``` ``` ``` ``` ``` ``` ``` ``` ``` ``` ``` ``` ``` ``` ``` ``` ``` ``` ``` ``` ``` ``` ``` ``` ``` ``` ``` ``` ``` ``` ``` ``` ``` ``` ``` ``` ``` ``` ``` ``` ``` ``` ``` ``` ``` ``` ``` ``` ``` ``` ``` ``` ``` ``` ``` ``` ``` ``` ``` ``` ``` ``` ``` ``` ``` ``` ``` ``` ``` ``` ``` ``` ``` ``` ``` ``` ``` ``` ``` ``` ``` ``` ``` ``` ``` ``` ``` ``` ``` ``` ``` ``` ``` ``` ``` ``` ``` ``` ``` ``` ``` ``` ``` ``` ``` ``` ``` ``` ``` ``` ``` ``` ``` ``` ``` ``` ``` ``` ``` ``` ``` ``` ``` ``` ``` ``` ``` ``` ``` ``` ``` ``` ``` ``` ``` ``` ``` ``` ``` ``` ``` ``` ``` ``` ``` ``` ``` ``` ``` ``` ``` ``` ``` ``` ``` ``` ``` ``` ``` ``` ``` ``` ``` ``` ``` ``` ``` ``` ``` ``` ``` ``` ``` ``` ``` ``` ``` ``` ``` ``` ``` ``` ``` ``` ``` ``` ``` ``` ``` ``` ``` ``` ``` ``` ``` ``` ``` ``` ``` ``` ``` ``` ``` ``` ``` ``` ``` ``` ``` ``` ``` ``` ``` ``` ``` ``` ``` ``` ``` ``` ``` ``` ``` ``` ``` ``` ``` ``` ``` ``` ``` ``` ``` ``` ``` ``` ``` ``` ``` ``` ``` ``` ``` ``` ``` ``` ``` ``` ``` ``` ``` ``` ``` ``` ``` ``` ``` ``` ``` ``` ``` ``` ``` ``` ``` ``` ``` ``` ``` ``` ``` ``` ``` ``` ``` ``` ``` ``` ``` ``` ``` ``` ``` ``` ``` ``` ``` ``` ``` ``` ``` ``` ``` ``` ``` ``` ``` ``` ``` ``` ``` ``` ``` ``` ``` ``` ``` ``` ``` ``` ``` ``` ``` ``` ``` ``` ``` ``` ``` ``` ``` ``` ``` ``` ``` ``` ``` ``` ``` ``` ``` ``` ``` ``` ``` ``` ``` ``` ``` ``` ``` ``` ``` ``` ``` ``` ``` ``` ``` ``` ``` ``` ``` ``` ``` ``` ``` ``` ``` ``` ``` ``` ``` ``` ``` ``` ``` ``` ``` ``` ``` ``` ``` ``` ``` ``` ``` ``` ``` ``` ``` ``` ``` ``` ``` ``` ``` ``` ``` ```",
    "with_steering_implementation": "module TopModule (\n    input in1,\n    input in2,\n    input reset,\n    output out\n);\n\nalways @(posedge reset or posedge in1 or posedge in2) begin\n    if (reset) begin\n        out <= 1'b1; // Reset to high (or any known state)\n    end else begin\n        out <= ~in1 & ~in2;\n    end\nend\n\nendmodule"
  },
  {
    "problem_name": "andgate",
    "original_prompt": "I would like you to implement a module named TopModule with the following\ninterface. All input and output ports are one bit unless otherwise\nspecified.\n\n - input  a\n - input  b\n - output out\n\nThe module should implement a 2-input AND gate.",
    "original_implementation": "module RefModule (\n  input a,\n  input b,\n  output out\n);\n\n  assign out = a & b;\n\nendmodule",
    "without_steering_implementation": "module TopModule (\n    input  a,\n    input  b,\n    output out\nalways @(*) begin\nendmodule\nThis Verilog code defines a module named `TopModule` with two input ports `a` and `b`, and one output port `out`. The module implements a 2-input AND gate using an `always @(*)` block, which updates the value of `out` based on the values of `a` and `b`. When both `a` and `b` are high (1), `out` will also be high (1); otherwise, `out` will be low (0). ``` ``` ``` ``` ``` ``` ``` ``` ``` ``` ``` ``` ``` ``` ``` ``` ``` ``` ``` ``` ``` ``` ``` ``` ``` ``` ``` ``` ``` ``` ``` ``` ``` ``` ``` ``` ``` ``` ``` ``` ``` ``` ``` ``` ``` ``` ``` ``` ``` ``` ``` ``` ``` ``` ``` ``` ``` ``` ``` ``` ``` ``` ``` ``` ``` ``` ``` ``` ``` ``` ``` ``` ``` ``` ``` ``` ``` ``` ``` ``` ``` ``` ``` ``` ``` ``` ``` ``` ``` ``` ``` ``` ``` ``` ``` ``` ``` ``` ``` ``` ``` ``` ``` ``` ``` ``` ``` ``` ``` ``` ``` ``` ``` ``` ``` ``` ``` ``` ``` ``` ``` ``` ``` ``` ``` ``` ``` ``` ``` ``` ``` ``` ``` ``` ``` ``` ``` ``` ``` ``` ``` ``` ``` ``` ``` ``` ``` ``` ``` ``` ``` ``` ``` ``` ``` ``` ``` ``` ``` ``` ``` ``` ``` ``` ``` ``` ``` ``` ``` ``` ``` ``` ``` ``` ``` ``` ``` ``` ``` ``` ``` ``` ``` ``` ``` ``` ``` ``` ``` ``` ``` ``` ``` ``` ``` ``` ``` ``` ``` ``` ``` ``` ``` ``` ``` ``` ``` ``` ``` ``` ``` ``` ``` ``` ``` ``` ``` ``` ``` ``` ``` ``` ``` ``` ``` ``` ``` ``` ``` ``` ``` ``` ``` ``` ``` ``` ``` ``` ``` ``` ``` ``` ``` ``` ``` ``` ``` ``` ``` ``` ``` ``` ``` ``` ``` ``` ``` ``` ``` ``` ``` ``` ``` ``` ``` ``` ``` ``` ``` ``` ``` ``` ``` ``` ``` ``` ``` ``` ``` ``` ``` ``` ``` ``` ``` ``` ``` ``` ``` ``` ``` ``` ``` ``` ``` ``` ``` ``` ``` ``` ``` ``` ``` ``` ``` ``` ``` ``` ``` ``` ``` ``` ``` ``` ``` ``` ``` ``` ``` ``` ``` ``` ``` ``` ``` ``` ``` ``` ``` ``` ``` ``` ``` ``` ``` ``` ``` ``` ``` ``` ``` ``` ``` ``` ``` ``` ``` ``` ``` ``` ``` ``` ``` ``` ``` ``` ``` ``` ``` ``` ``` ``` ``` ``` ``` ``` ``` ``` ``` ``` ``` ``` ``` ``` ``` ``` ``` ``` ``` ``` ``` ``` ``` ``` ``` ``` ``` ``` ``` ``` ``` ``` ``` ``` ``` ``` ``` ``` ``` ``` ``` ``` ``` ``` ``` ``` ``` ``` ``` ``` ``` ``` ``` ``` ``` ``` ``` ``` ``` ``` ``` ``` ``` ``` ``` ``` ``` ``` ``` ``` ``` ``` ``` ``` ``` ``` ``` ``` ``` ``` ``` ``` ``` ``` ``` ``` ``` ``` ``` ``` ``` ``` ``` ``` ``` ``` ``` ``` ``` ``` ``` ``` ``` ``` ``` ``` ``` ``` ``` ``` ``` ``` ``` ``` ``` ``` ``` ``` ``` ``` ``` ``` ``` ``` ``` ``` ``` ``` ``` ``` ``` ``` ``` ``` ``` ``` ``` ``` ``` ``` ``` ``` ``` ``` ``` ``` ``` ``` ``` ``` ``` ``` ``` ``` ``` ``` ``` ``` ``` ``` ``` ``` ``` ``` ``` ``` ``` ``` ``` ``` ``` ``` ``` ``` ``` ``` ``` ``` ``` ``` ``` ``` ``` ``` ``` ``` ``` ``` ``` ``` ``` ``` ``` ``` ``` ``` ``` ``` ``` ``` ``` ``` ``` ``` ``` ``` ``` ``` ``` ``` ``` ``` ``` ``` ``` ``` ``` ``` ``` ``` ``` ``` ``` ``` ``` ``` ``` ``` ``` ``` ``` ``` ``` ``` ``` ``` ``` ``` ``` ``` ``` ``` ``` ``` ``` ``` ``` ``` ``` ``` ``` ``` ``` ``` ``` ``` ``` ``` ``` ``` ``` ``` ``` ``` ``` ``` ``` ``` ``` ``` ``` ``` ``` ``` ``` ``` ``` ``` ``` ``` ``` ``` ``` ``` ``` ``` ``` ``` ``` ``` ``` ``` ``` ``` ``` ``` ``` ``` ``` ``` ``` ``` ``` ``` ``` ``` ``` ``` ``` ``` ``` ``` ``` ``` ``` ``` ``` ``` ``` ``` ``` ``` ``` ``` ``` ``` ``` ``` ``` ``` ``` ``` ``` ``` ``` ``` ``` ``` ``` ``` ``` ``` ``` ``` ``` ``` ``` ``` ``` ``` ``` ``` ``` ``` ``` ``` ``` ``` ``` ``` ``` ``` ``` ``` ``` ``` ``` ``` ``` ``` ``` ``` ``` ``` ``` ``` ``` ``` ``` ``` ``` ``` ``` ``` ``` ``` ``` ``` ``` ``` ``` ``` ``` ``` ``` ``` ``` ``` ``` ``` ``` ``` ``` ``` ``` ``` ``` ``` ``` ``` ``` ``` ``` ``` ``` ``` ``` ``` ``` ``` ``` ``` ``` ``` ``` ``` ``` ``` ``` ``` ``` ``` ``` ``` ``` ``` ``` ``` ``` ``` ``` ``` ``` ``` ``` ``` ``` ``` ``` ``` ``` ``` ``` ``` ``` ``` ``` ``` ``` ``` ``` ``` ``` ``` ``` ``` ``` ``` ``` ``` ``` ``` ``` ``` ``` ``` ``` ``` ``` ``` ``` ``` ``` ``` ``` ``` ``` ``` ``` ``` ``` ``` ``` ``` ``` ``` ``` ``` ```",
    "with_steering_implementation": "module TopModule (\n    input  a,\n    input  b,\n    output out\n    assign out = a & b;\nendmodule\nThis code defines a module `TopModule` with three ports: `a`, `b`, and `out`. The `out` port is assigned the value of the logical AND operation between `a` and `b`. This implements a 2-input AND gate as specified. ``` ``` ``` ``` ``` ``` ``` ``` ``` ``` ``` ``` ``` ``` ``` ``` ``` ``` ``` ``` ``` ``` ``` ``` ``` ``` ``` ``` ``` ``` ``` ``` ``` ``` ``` ``` ``` ``` ``` ``` ``` ``` ``` ``` ``` ``` ``` ``` ``` ``` ``` ``` ``` ``` ``` ``` ``` ``` ``` ``` ``` ``` ``` ``` ``` ``` ``` ``` ``` ``` ``` ``` ``` ``` ``` ``` ``` ``` ``` ``` ``` ``` ``` ``` ``` ``` ``` ``` ``` ``` ``` ``` ``` ``` ``` ``` ``` ``` ``` ``` ``` ``` ``` ``` ``` ``` ``` ``` ``` ``` ``` ``` ``` ``` ``` ``` ``` ``` ``` ``` ``` ``` ``` ``` ``` ``` ``` ``` ``` ``` ``` ``` ``` ``` ``` ``` ``` ``` ``` ``` ``` ``` ``` ``` ``` ``` ``` ``` ``` ``` ``` ``` ``` ``` ``` ``` ``` ``` ``` ``` ``` ``` ``` ``` ``` ``` ``` ``` ``` ``` ``` ``` ``` ``` ``` ``` ``` ``` ``` ``` ``` ``` ``` ``` ``` ``` ``` ``` ``` ``` ``` ``` ``` ``` ``` ``` ``` ``` ``` ``` ``` ``` ``` ``` ``` ``` ``` ``` ``` ``` ``` ``` ``` ``` ``` ``` ``` ``` ``` ``` ``` ``` ``` ``` ``` ``` ``` ``` ``` ``` ``` ``` ``` ``` ``` ``` ``` ``` ``` ``` ``` ``` ``` ``` ``` ``` ``` ``` ``` ``` ``` ``` ``` ``` ``` ``` ``` ``` ``` ``` ``` ``` ``` ``` ``` ``` ``` ``` ``` ``` ``` ``` ``` ``` ``` ``` ``` ``` ``` ``` ``` ``` ``` ``` ``` ``` ``` ``` ``` ``` ``` ``` ``` ``` ``` ``` ``` ``` ``` ``` ``` ``` ``` ``` ``` ``` ``` ``` ``` ``` ``` ``` ``` ``` ``` ``` ``` ``` ``` ``` ``` ``` ``` ``` ``` ``` ``` ``` ``` ``` ``` ``` ``` ``` ``` ``` ``` ``` ``` ``` ``` ``` ``` ``` ``` ``` ``` ``` ``` ``` ``` ``` ``` ``` ``` ``` ``` ``` ``` ``` ``` ``` ``` ``` ``` ``` ``` ``` ``` ``` ``` ``` ``` ``` ``` ``` ``` ``` ``` ``` ``` ``` ``` ``` ``` ``` ``` ``` ``` ``` ``` ``` ``` ``` ``` ``` ``` ``` ``` ``` ``` ``` ``` ``` ``` ``` ``` ``` ``` ``` ``` ``` ``` ``` ``` ``` ``` ``` ``` ``` ``` ``` ``` ``` ``` ``` ``` ``` ``` ``` ``` ``` ``` ``` ``` ``` ``` ``` ``` ``` ``` ``` ``` ``` ``` ``` ``` ``` ``` ``` ``` ``` ``` ``` ``` ``` ``` ``` ``` ``` ``` ``` ``` ``` ``` ``` ``` ``` ``` ``` ``` ``` ``` ``` ``` ``` ``` ``` ``` ``` ``` ``` ``` ``` ``` ``` ``` ``` ``` ``` ``` ``` ``` ``` ``` ``` ``` ``` ``` ``` ``` ``` ``` ``` ``` ``` ``` ``` ``` ``` ``` ``` ``` ``` ``` ``` ``` ``` ``` ``` ``` ``` ``` ``` ``` ``` ``` ``` ``` ``` ``` ``` ``` ``` ``` ``` ``` ``` ``` ``` ``` ``` ``` ``` ``` ``` ``` ``` ``` ``` ``` ``` ``` ``` ``` ``` ``` ``` ``` ``` ``` ``` ``` ``` ``` ``` ``` ``` ``` ``` ``` ``` ``` ``` ``` ``` ``` ``` ``` ``` ``` ``` ``` ``` ``` ``` ``` ``` ``` ``` ``` ``` ``` ``` ``` ``` ``` ``` ``` ``` ``` ``` ``` ``` ``` ``` ``` ``` ``` ``` ``` ``` ``` ``` ``` ``` ``` ``` ``` ``` ``` ``` ``` ``` ``` ``` ``` ``` ``` ``` ``` ``` ``` ``` ``` ``` ``` ``` ``` ``` ``` ``` ``` ``` ``` ``` ``` ``` ``` ``` ``` ``` ``` ``` ``` ``` ``` ``` ``` ``` ``` ``` ``` ``` ``` ``` ``` ``` ``` ``` ``` ``` ``` ``` ``` ``` ``` ``` ``` ``` ``` ``` ``` ``` ``` ``` ``` ``` ``` ``` ``` ``` ``` ``` ``` ``` ``` ``` ``` ``` ``` ``` ``` ``` ``` ``` ``` ``` ``` ``` ``` ``` ``` ``` ``` ``` ``` ``` ``` ``` ``` ``` ``` ``` ``` ``` ``` ``` ``` ``` ``` ``` ``` ``` ``` ``` ``` ``` ``` ``` ``` ``` ``` ``` ``` ``` ``` ``` ``` ``` ``` ``` ``` ``` ``` ``` ``` ``` ``` ``` ``` ``` ``` ``` ``` ``` ``` ``` ``` ``` ``` ``` ``` ``` ``` ``` ``` ``` ``` ``` ``` ``` ``` ``` ``` ``` ``` ``` ``` ``` ``` ``` ``` ``` ``` ``` ``` ``` ``` ``` ``` ``` ``` ``` ``` ``` ``` ``` ``` ``` ``` ``` ``` ``` ``` ``` ``` ``` ``` ``` ``` ``` ``` ``` ``` ``` ``` ``` ``` ``` ``` ``` ``` ``` ``` ``` ``` ``` ``` ``` ``` ``` ``` ``` ``` ``` ``` ``` ``` ``` ``` ``` ``` ``` ``` ``` ``` ``` ``` ``` ``` ``` ``` ``` ``` ``` ``` ``` ``` ``` ``` ``` ``` ``` ``` ``` ``` ``` ``` ``` ``` ``` ``` ``` ``` ``` ``` ``` ``` ``` ``` ``` ``` ``` ``` ``` ``` ``` ``` ``` ``` ``` ``` ``` ``` ``` ``` ``` ``` ``` ``` ```"
  },
  {
    "problem_name": "vector1",
    "original_prompt": "I would like you to implement a module named TopModule with the following\ninterface. All input and output ports are one bit unless otherwise\nspecified.\n\n - input  in     (16 bits)\n - output out_hi ( 8 bits)\n - output out_lo ( 8 bits)\n\nThe module should implement a combinational circuit that splits an input\nhalf-word (16 bits, [15:0] ) into lower [7:0] and upper [15:8] bytes.",
    "original_implementation": "module RefModule (\n  input [15:0] in,\n  output [7:0] out_hi,\n  output [7:0] out_lo\n);\n\n  assign {out_hi, out_lo} = in;\n\nendmodule",
    "without_steering_implementation": "module TopModule(\n    input [15:0] in,\n    output reg [7:0] out_hi,\n    output reg [7:0] out_lo\nalways @(*) begin\nendmodule\nThis Verilog code defines a module named `TopModule` with the specified interface. The `always @(*)` block ensures that the outputs `out_hi` and `out_lo` are updated whenever the input `in` changes. The assignments `out_hi = in[15:8];` and `out_lo = in[7:0];` extract the upper and lower halves of the input, respectively, and assign them to the corresponding output ports. ``` ``` ``` ``` ``` ``` ``` ``` ``` ``` ``` ``` ``` ``` ``` ``` ``` ``` ``` ``` ``` ``` ``` ``` ``` ``` ``` ``` ``` ``` ``` ``` ``` ``` ``` ``` ``` ``` ``` ``` ``` ``` ``` ``` ``` ``` ``` ``` ``` ``` ``` ``` ``` ``` ``` ``` ``` ``` ``` ``` ``` ``` ``` ``` ``` ``` ``` ``` ``` ``` ``` ``` ``` ``` ``` ``` ``` ``` ``` ``` ``` ``` ``` ``` ``` ``` ``` ``` ``` ``` ``` ``` ``` ``` ``` ``` ``` ``` ``` ``` ``` ``` ``` ``` ``` ``` ``` ``` ``` ``` ``` ``` ``` ``` ``` ``` ``` ``` ``` ``` ``` ``` ``` ``` ``` ``` ``` ``` ``` ``` ``` ``` ``` ``` ``` ``` ``` ``` ``` ``` ``` ``` ``` ``` ``` ``` ``` ``` ``` ``` ``` ``` ``` ``` ``` ``` ``` ``` ``` ``` ``` ``` ``` ``` ``` ``` ``` ``` ``` ``` ``` ``` ``` ``` ``` ``` ``` ``` ``` ``` ``` ``` ``` ``` ``` ``` ``` ``` ``` ``` ``` ``` ``` ``` ``` ``` ``` ``` ``` ``` ``` ``` ``` ``` ``` ``` ``` ``` ``` ``` ``` ``` ``` ``` ``` ``` ``` ``` ``` ``` ``` ``` ``` ``` ``` ``` ``` ``` ``` ``` ``` ``` ``` ``` ``` ``` ``` ``` ``` ``` ``` ``` ``` ``` ``` ``` ``` ``` ``` ``` ``` ``` ``` ``` ``` ``` ``` ``` ``` ``` ``` ``` ``` ``` ``` ``` ``` ``` ``` ``` ``` ``` ``` ``` ``` ``` ``` ``` ``` ``` ``` ``` ``` ``` ``` ``` ``` ``` ``` ``` ``` ``` ``` ``` ``` ``` ``` ``` ``` ``` ``` ``` ``` ``` ``` ``` ``` ``` ``` ``` ``` ``` ``` ``` ``` ``` ``` ``` ``` ``` ``` ``` ``` ``` ``` ``` ``` ``` ``` ``` ``` ``` ``` ``` ``` ``` ``` ``` ``` ``` ``` ``` ``` ``` ``` ``` ``` ``` ``` ``` ``` ``` ``` ``` ``` ``` ``` ``` ``` ``` ``` ``` ``` ``` ``` ``` ``` ``` ``` ``` ``` ``` ``` ``` ``` ``` ``` ``` ``` ``` ``` ``` ``` ``` ``` ``` ``` ``` ``` ``` ``` ``` ``` ``` ``` ``` ``` ``` ``` ``` ``` ``` ``` ``` ``` ``` ``` ``` ``` ``` ``` ``` ``` ``` ``` ``` ``` ``` ``` ``` ``` ``` ``` ``` ``` ``` ``` ``` ``` ``` ``` ``` ``` ``` ``` ``` ``` ``` ``` ``` ``` ``` ``` ``` ``` ``` ``` ``` ``` ``` ``` ``` ``` ``` ``` ``` ``` ``` ``` ``` ``` ``` ``` ``` ``` ``` ``` ``` ``` ``` ``` ``` ``` ``` ``` ``` ``` ``` ``` ``` ``` ``` ``` ``` ``` ``` ``` ``` ``` ``` ``` ``` ``` ``` ``` ``` ``` ``` ``` ``` ``` ``` ``` ``` ``` ``` ``` ``` ``` ``` ``` ``` ``` ``` ``` ``` ``` ``` ``` ``` ``` ``` ``` ``` ``` ``` ``` ``` ``` ``` ``` ``` ``` ``` ``` ``` ``` ``` ``` ``` ``` ``` ``` ``` ``` ``` ``` ``` ``` ``` ``` ``` ``` ``` ``` ``` ``` ``` ``` ``` ``` ``` ``` ``` ``` ``` ``` ``` ``` ``` ``` ``` ``` ``` ``` ``` ``` ``` ``` ``` ``` ``` ``` ``` ``` ``` ``` ``` ``` ``` ``` ``` ``` ``` ``` ``` ``` ``` ``` ``` ``` ``` ``` ``` ``` ``` ``` ``` ``` ``` ``` ``` ``` ``` ``` ``` ``` ``` ``` ``` ``` ``` ``` ``` ``` ``` ``` ``` ``` ``` ``` ``` ``` ``` ``` ``` ``` ``` ``` ``` ``` ``` ``` ``` ``` ``` ``` ``` ``` ``` ``` ``` ``` ``` ``` ``` ``` ``` ``` ``` ``` ``` ``` ``` ``` ``` ``` ``` ``` ``` ``` ``` ``` ``` ``` ``` ``` ``` ``` ``` ``` ``` ``` ``` ``` ``` ``` ``` ``` ``` ``` ``` ``` ``` ``` ``` ``` ``` ``` ``` ``` ``` ``` ``` ``` ``` ``` ``` ``` ``` ``` ``` ``` ``` ``` ``` ``` ``` ``` ``` ``` ``` ``` ``` ``` ``` ``` ``` ``` ``` ``` ``` ``` ``` ``` ``` ``` ``` ``` ``` ``` ``` ``` ``` ``` ``` ``` ``` ``` ``` ``` ``` ``` ``` ``` ``` ``` ``` ``` ``` ``` ``` ``` ``` ``` ``` ``` ``` ``` ``` ``` ``` ``` ``` ``` ``` ``` ``` ``` ``` ``` ``` ``` ``` ``` ``` ``` ``` ``` ``` ``` ``` ``` ``` ``` ``` ``` ``` ``` ``` ``` ``` ``` ``` ``` ``` ``` ``` ``` ``` ``` ``` ``` ``` ``` ``` ``` ``` ``` ``` ``` ``` ``` ``` ``` ``` ``` ``` ``` ``` ``` ``` ``` ``` ``` ```",
    "with_steering_implementation": "module TopModule(\n    input [15:0] in,\n    output reg [7:0] out_hi,\n    output reg [7:0] out_lo\n    // Split the input into lower and upper bytes\n    assign out_lo = in[7:0];\n    assign out_hi = in[15:8];\nendmodule\nThis Verilog code defines a module `TopModule` with the specified interface. It uses bitwise assignment to split the input `in` into two 8-bit outputs: `out_lo` for the lower byte and `out_hi` for the upper byte. The `assign` statement is used to directly connect the lower 8 bits of `in` to `out_lo`, and the upper 8 bits to `out_hi`. The `reg` keyword is used for `out_lo` and `out_hi` because they are combinational outputs that can change based on the input. ``` ``` ``` ``` ``` ``` ``` ``` ``` ``` ``` ``` ``` ``` ``` ``` ``` ``` ``` ``` ``` ``` ``` ``` ``` ``` ``` ``` ``` ``` ``` ``` ``` ``` ``` ``` ``` ``` ``` ``` ``` ``` ``` ``` ``` ``` ``` ``` ``` ``` ``` ``` ``` ``` ``` ``` ``` ``` ``` ``` ``` ``` ``` ``` ``` ``` ``` ``` ``` ``` ``` ``` ``` ``` ``` ``` ``` ``` ``` ``` ``` ``` ``` ``` ``` ``` ``` ``` ``` ``` ``` ``` ``` ``` ``` ``` ``` ``` ``` ``` ``` ``` ``` ``` ``` ``` ``` ``` ``` ``` ``` ``` ``` ``` ``` ``` ``` ``` ``` ``` ``` ``` ``` ``` ``` ``` ``` ``` ``` ``` ``` ``` ``` ``` ``` ``` ``` ``` ``` ``` ``` ``` ``` ``` ``` ``` ``` ``` ``` ``` ``` ``` ``` ``` ``` ``` ``` ``` ``` ``` ``` ``` ``` ``` ``` ``` ``` ``` ``` ``` ``` ``` ``` ``` ``` ``` ``` ``` ``` ``` ``` ``` ``` ``` ``` ``` ``` ``` ``` ``` ``` ``` ``` ``` ``` ``` ``` ``` ``` ``` ``` ``` ``` ``` ``` ``` ``` ``` ``` ``` ``` ``` ``` ``` ``` ``` ``` ``` ``` ``` ``` ``` ``` ``` ``` ``` ``` ``` ``` ``` ``` ``` ``` ``` ``` ``` ``` ``` ``` ``` ``` ``` ``` ``` ``` ``` ``` ``` ``` ``` ``` ``` ``` ``` ``` ``` ``` ``` ``` ``` ``` ``` ``` ``` ``` ``` ``` ``` ``` ``` ``` ``` ``` ``` ``` ``` ``` ``` ``` ``` ``` ``` ``` ``` ``` ``` ``` ``` ``` ``` ``` ``` ``` ``` ``` ``` ``` ``` ``` ``` ``` ``` ``` ``` ``` ``` ``` ``` ``` ``` ``` ``` ``` ``` ``` ``` ``` ``` ``` ``` ``` ``` ``` ``` ``` ``` ``` ``` ``` ``` ``` ``` ``` ``` ``` ``` ``` ``` ``` ``` ``` ``` ``` ``` ``` ``` ``` ``` ``` ``` ``` ``` ``` ``` ``` ``` ``` ``` ``` ``` ``` ``` ``` ``` ``` ``` ``` ``` ``` ``` ``` ``` ``` ``` ``` ``` ``` ``` ``` ``` ``` ``` ``` ``` ``` ``` ``` ``` ``` ``` ``` ``` ``` ``` ``` ``` ``` ``` ``` ``` ``` ``` ``` ``` ``` ``` ``` ``` ``` ``` ``` ``` ``` ``` ``` ``` ``` ``` ``` ``` ``` ``` ``` ``` ``` ``` ``` ``` ``` ``` ``` ``` ``` ``` ``` ``` ``` ``` ``` ``` ``` ``` ``` ``` ``` ``` ``` ``` ``` ``` ``` ``` ``` ``` ``` ``` ``` ``` ``` ``` ``` ``` ``` ``` ``` ``` ``` ``` ``` ``` ``` ``` ``` ``` ``` ``` ``` ``` ``` ``` ``` ``` ``` ``` ``` ``` ``` ``` ``` ``` ``` ``` ``` ``` ``` ``` ``` ``` ``` ``` ``` ``` ``` ``` ``` ``` ``` ``` ``` ``` ``` ``` ``` ``` ``` ``` ``` ``` ``` ``` ``` ``` ``` ``` ``` ``` ``` ``` ``` ``` ``` ``` ``` ``` ``` ``` ``` ``` ``` ``` ``` ``` ``` ``` ``` ``` ``` ``` ``` ``` ``` ``` ``` ``` ``` ``` ``` ``` ``` ``` ``` ``` ``` ``` ``` ``` ``` ``` ``` ``` ``` ``` ``` ``` ``` ``` ``` ``` ``` ``` ``` ``` ``` ``` ``` ``` ``` ``` ``` ``` ``` ``` ``` ``` ``` ``` ``` ``` ``` ``` ``` ``` ``` ``` ``` ``` ``` ``` ``` ``` ``` ``` ``` ``` ``` ``` ``` ``` ``` ``` ``` ``` ``` ``` ``` ``` ``` ``` ``` ``` ``` ``` ``` ``` ``` ``` ``` ``` ``` ``` ``` ``` ``` ``` ``` ``` ``` ``` ``` ``` ``` ``` ``` ``` ``` ``` ``` ``` ``` ``` ``` ``` ``` ``` ``` ``` ``` ``` ``` ``` ``` ``` ``` ``` ``` ``` ``` ``` ``` ``` ``` ``` ``` ``` ``` ``` ``` ``` ``` ``` ``` ``` ``` ``` ``` ``` ``` ``` ``` ``` ``` ``` ``` ``` ``` ``` ``` ``` ``` ``` ``` ``` ``` ``` ``` ``` ``` ``` ``` ``` ``` ``` ``` ``` ``` ``` ``` ``` ``` ``` ``` ``` ``` ``` ``` ``` ``` ``` ``` ``` ``` ``` ``` ``` ``` ``` ``` ``` ``` ``` ``` ``` ``` ``` ``` ``` ``` ``` ``` ``` ``` ``` ``` ``` ``` ``` ``` ``` ``` ``` ``` ``` ``` ``` ``` ``` ``` ``` ``` ``` ``` ``` ``` ``` ``` ``` ``` ``` ``` ``` ``` ``` ``` ``` ``` ``` ``` ``` ``` ``` ``` ``` ``` ``` ``` ```"
  }
]